Reviews,Ratings
"Sep, 2021",5.0
"Nov, 2021",5.0
"Oct, 2021",5.0
"Oct, 2021",5.0
"Feb, 2021",5.0
"Mar, 2021",5.0
"Oct, 2021",5.0
"Oct, 2021",5.0
"Oct, 2021",5.0
"Feb, 2022",5.0
"Sep, 2021",5.0
"Mar, 2022",5.0
"Oct, 2021",5.0
"Oct, 2021",4.0
"Oct, 2021",4.0
"Nov, 2021",5.0
"Oct, 2021",5.0
"Apr, 2022",5.0
"Jul, 2021",5.0
"Dec, 2021",5.0
"Oct, 2021",5.0
"Oct, 2021",5.0
"Jan, 2022",5.0
"Mar, 2022",5.0
"Oct, 2021",5.0
"Nov, 2021",5.0
"Oct, 2021",5.0
"Aug, 2021",5.0
"Nov, 2020",5.0
"Apr, 2021",5.0
"Oct, 2021",5.0
"Sep, 2021",5.0
"Sep, 2021",5.0
"Apr, 2022",5.0
"Oct, 2021",5.0
"Apr, 2021",5.0
"May, 2021",5.0
"Oct, 2021",5.0
"Sep, 2021",5.0
"Jun, 2022",5.0
"Oct, 2021",5.0
"Oct, 2021",5.0
"Dec, 2020",5.0
"Oct, 2021",5.0
"Oct, 2021",5.0
"Nov, 2020",5.0
"Jan, 2022",5.0
"Oct, 2021",5.0
"Nov, 2021",5.0
"Mar, 2022",5.0
"Nov, 2021",5.0
"May, 2022",5.0
"Apr, 2021",5.0
"Nov, 2020",5.0
"Aug, 2021",5.0
"Aug, 2021",5.0
"Aug, 2021",3.0
"Aug, 2021",5.0
"Dec, 2020",5.0
"Mar, 2021",5.0
"Apr, 2021",5.0
"Oct, 2021",5.0
"Oct, 2021",5.0
"Dec, 2021",5.0
"Nov, 2021",5.0
"Aug, 2021",5.0
"Nov, 2021",5.0
"Mar, 2021",5.0
"Oct, 2021",5.0
"Oct, 2021",5.0
"Sep, 2021",5.0
"Feb, 2021",4.0
"Aug, 2021",5.0
"Oct, 2021",5.0
"Jun, 2021",5.0
"Oct, 2021",5.0
"Jun, 2022",5.0
"Oct, 2021",5.0
"Aug, 2022",5.0
"Jun, 2022",5.0
"Nov, 2021",5.0
"Oct, 2021",4.0
"Dec, 2020",5.0
"Nov, 2021",5.0
"Aug, 2021",5.0
"Oct, 2021",5.0
"Nov, 2020",5.0
"Feb, 2022",5.0
"Jul, 2021",5.0
"Oct, 2021",5.0
"Nov, 2021",5.0
"Oct, 2021",5.0
"Dec, 2021",5.0
"Sep, 2021",5.0
"Dec, 2021",5.0
"Nov, 2021",5.0
"Jul, 2021",4.0
"May, 2021",5.0
"Apr, 2021",5.0
"Nov, 2021",5.0
"Apr, 2021",5.0
"Oct, 2021",5.0
"Oct, 2021",5.0
"Aug, 2021",5.0
"Oct, 2021",5.0
"Oct, 2021",5.0
"Oct, 2021",5.0
"Feb, 2021",5.0
"Oct, 2021",5.0
"Aug, 2021",5.0
"Oct, 2021",1.0
"Oct, 2021",3.0
"Feb, 2021",5.0
"Nov, 2021",5.0
"Feb, 2021",4.0
"Apr, 2021",5.0
"Nov, 2020",5.0
"Jun, 2021",5.0
"Oct, 2021",5.0
"Oct, 2021",5.0
"Jan, 2022",5.0
"May, 2021",5.0
"Apr, 2021",4.0
"Oct, 2021",5.0
"Jun, 2022",5.0
"Jun, 2021",5.0
"Mar, 2021",5.0
"Sep, 2021",5.0
"Jun, 2021",5.0
"Oct, 2021",5.0
"Feb, 2021",5.0
"Oct, 2021",5.0
"Oct, 2021",4.0
"Oct, 2021",5.0
"Nov, 2020",5.0
"Dec, 2021",5.0
"Feb, 2021",5.0
"Jan, 2021",5.0
"Jan, 2022",2.0
"Apr, 2021",5.0
"May, 2021",5.0
"Oct, 2021",5.0
"Aug, 2021",5.0
"Oct, 2021",5.0
"Oct, 2021",4.0
"Oct, 2021",5.0
"Oct, 2021",5.0
"Oct, 2021",5.0
"Dec, 2020",5.0
"Nov, 2020",5.0
"Aug, 2021",5.0
"Aug, 2021",5.0
"Oct, 2021",5.0
"Dec, 2020",5.0
"Jan, 2021",5.0
"Oct, 2021",5.0
"Apr, 2022",5.0
"Nov, 2021",5.0
"Nov, 2021",5.0
"Dec, 2021",5.0
"Apr, 2022",5.0
"Nov, 2021",4.0
"Oct, 2021",5.0
"Jan, 2022",5.0
"Jun, 2021",5.0
"Oct, 2021",5.0
"Dec, 2021",4.0
"Oct, 2021",5.0
"Oct, 2021",5.0
"Nov, 2021",4.0
"Aug, 2021",4.0
"Aug, 2021",5.0
"Sep, 2021",5.0
"Aug, 2021",5.0
"Apr, 2021",5.0
"Jul, 2021",5.0
"Oct, 2021",5.0
"Oct, 2021",5.0
"Nov, 2021",5.0
"Oct, 2021",5.0
"Oct, 2021",5.0
"Oct, 2021",5.0
"Nov, 2021",5.0
"Sep, 2021",2.0
"May, 2021",5.0
"Oct, 2021",5.0
"Oct, 2021",1.0
"Jun, 2021",4.0
"Nov, 2021",5.0
"Oct, 2021",4.0
"Oct, 2021",5.0
"Oct, 2021",5.0
"Oct, 2021",5.0
"Oct, 2021",5.0
"Aug, 2021",5.0
"Aug, 2021",5.0
"Jan, 2022",5.0
"Aug, 2021",5.0
11 months ago,4.0
"Apr, 2021",5.0
"Oct, 2021",5.0
"Nov, 2021",5.0
"Oct, 2021",4.0
"Apr, 2021",5.0
"Dec, 2020",5.0
"Dec, 2021",5.0
"Dec, 2021",4.0
"Jun, 2021",3.0
"Jan, 2021",5.0
"Aug, 2021",5.0
"Jan, 2022",5.0
"Oct, 2021",5.0
"Oct, 2021",5.0
"Dec, 2021",5.0
"Dec, 2021",5.0
"Nov, 2021",5.0
"Nov, 2021",5.0
"Oct, 2021",4.0
"Oct, 2021",5.0
"Oct, 2021",5.0
"Mar, 2021",5.0
"Oct, 2021",5.0
"Oct, 2021",4.0
"Oct, 2021",1.0
"Oct, 2021",5.0
"Aug, 2021",4.0
"Oct, 2021",5.0
"Aug, 2021",5.0
"Oct, 2021",5.0
"Sep, 2021",5.0
7 months ago,5.0
"Dec, 2021",5.0
"Oct, 2021",5.0
"Aug, 2021",5.0
"Oct, 2021",5.0
"Oct, 2021",5.0
"Oct, 2021",5.0
"Jul, 2021",5.0
"Oct, 2021",5.0
"Dec, 2021",5.0
"Nov, 2021",5.0
"Oct, 2021",4.0
"Oct, 2021",5.0
"Oct, 2021",5.0
"Oct, 2021",5.0
"Oct, 2021",5.0
"Sep, 2021",5.0
"Aug, 2021",5.0
"Oct, 2021",5.0
"Oct, 2021",5.0
"Jul, 2021",5.0
"Jan, 2022",5.0
"Aug, 2021",1.0
"Oct, 2021",5.0
"Oct, 2021",5.0
"Sep, 2021",5.0
"Jan, 2022",5.0
"Oct, 2021",5.0
"Aug, 2021",5.0
"Oct, 2021",5.0
"Oct, 2021",5.0
"Oct, 2021",5.0
"Oct, 2021",5.0
"Aug, 2021",5.0
"Aug, 2022",5.0
"Oct, 2021",5.0
"Aug, 2021",5.0
"Mar, 2022",4.0
"Jul, 2022",3.0
"Jan, 2022",5.0
"Jan, 2022",5.0
"Dec, 2021",5.0
"Jan, 2022",5.0
"Dec, 2021",5.0
"Nov, 2021",5.0
"Dec, 2021",5.0
"Oct, 2021",5.0
"Oct, 2021",5.0
"Oct, 2021",5.0
"Nov, 2021",5.0
"Oct, 2021",1.0
"Oct, 2021",5.0
"Oct, 2021",5.0
"Jul, 2022",5.0
"Oct, 2021",5.0
"Oct, 2021",5.0
"Aug, 2021",5.0
"Oct, 2021",5.0
"Jul, 2022",5.0
"Oct, 2021",5.0
"Oct, 2021",5.0
"Oct, 2021",5.0
"Oct, 2021",5.0
"Jul, 2022",5.0
"Oct, 2021",5.0
"Oct, 2021",5.0
"Oct, 2021",5.0
"Oct, 2021",1.0
"Oct, 2021",5.0
"Oct, 2021",5.0
"Oct, 2021",5.0
"Oct, 2021",5.0
"Apr, 2021",5.0
"Apr, 2021",5.0
"Mar, 2022",5.0
"Jul, 2021",4.0
"Oct, 2021",4.0
"Oct, 2021",5.0
"Nov, 2020",4.0
"Oct, 2021",5.0
"Oct, 2021",5.0
"Aug, 2021",5.0
"Mar, 2021",5.0
"Oct, 2021",5.0
"May, 2022",1.0
"Jan, 2022",5.0
"Oct, 2021",5.0
"Oct, 2021",5.0
"Feb, 2022",5.0
7 months ago,5.0
"Dec, 2021",5.0
"Nov, 2021",5.0
"Oct, 2021",5.0
"Oct, 2021",5.0
"Oct, 2021",5.0
"Sep, 2021",5.0
"Oct, 2021",5.0
"Oct, 2021",5.0
"Oct, 2021",5.0
"Oct, 2021",5.0
"Oct, 2021",5.0
"Aug, 2021",4.0
"Oct, 2021",5.0
"Oct, 2021",5.0
"Jul, 2021",5.0
"Sep, 2021",5.0
"Jun, 2021",1.0
"Jul, 2021",4.0
"Jul, 2021",5.0
"May, 2021",5.0
"Sep, 2021",5.0
"Feb, 2021",5.0
"Oct, 2021",5.0
"Oct, 2021",5.0
"Jun, 2022",1.0
"Jan, 2022",5.0
"Oct, 2021",5.0
"Sep, 2021",5.0
"Oct, 2021",5.0
"Oct, 2021",5.0
"Oct, 2021",5.0
"Jul, 2021",5.0
"Aug, 2022",5.0
"Oct, 2021",5.0
"Sep, 2021",5.0
"Oct, 2021",1.0
"Nov, 2020",5.0
"Dec, 2021",5.0
"Oct, 2021",5.0
11 months ago,5.0
"Dec, 2020",5.0
"Mar, 2021",5.0
"Apr, 2021",5.0
7 months ago,5.0
"Mar, 2022",5.0
"Aug, 2022",5.0
"Oct, 2021",5.0
"Nov, 2021",5.0
"May, 2022",4.0
"Nov, 2021",5.0
"Oct, 2021",5.0
"Oct, 2021",5.0
"Feb, 2021",5.0
"Aug, 2021",5.0
"Feb, 2021",5.0
"Oct, 2021",5.0
"Jan, 2022",1.0
"Oct, 2021",5.0
"Oct, 2021",5.0
"Nov, 2021",5.0
9 months ago,1.0
"Jan, 2022",5.0
"Oct, 2021",1.0
"May, 2022",5.0
10 months ago,5.0
"Oct, 2021",4.0
"Oct, 2021",5.0
"Jul, 2022",5.0
"Mar, 2022",5.0
"Jan, 2022",5.0
"Jun, 2022",2.0
"May, 2022",5.0
"Jul, 2022",5.0
"May, 2022",5.0
"Oct, 2021",5.0
"May, 2022",4.0
"Apr, 2022",2.0
"Feb, 2022",5.0
"Feb, 2022",5.0
"Jan, 2022",4.0
"Jan, 2022",5.0
"Dec, 2021",4.0
"Oct, 2021",5.0
"Jan, 2022",4.0
"Dec, 2021",5.0
"Jan, 2022",5.0
"Nov, 2021",5.0
"Dec, 2021",5.0
"Oct, 2021",5.0
"Nov, 2021",5.0
"Oct, 2021",5.0
"Oct, 2021",5.0
"Oct, 2021",5.0
"Oct, 2021",5.0
"Sep, 2021",5.0
"Oct, 2021",5.0
"Oct, 2021",5.0
"Nov, 2021",5.0
"Oct, 2021",5.0
"Oct, 2021",5.0
"Oct, 2021",5.0
"Oct, 2021",5.0
"Oct, 2021",5.0
"Oct, 2021",5.0
"Oct, 2021",5.0
"Oct, 2021",5.0
"Oct, 2021",5.0
"Jul, 2022",4.0
"Oct, 2021",5.0
"Oct, 2021",5.0
"Oct, 2021",5.0
"Aug, 2021",5.0
"Oct, 2021",4.0
"Oct, 2021",5.0
"Oct, 2021",5.0
"Sep, 2021",5.0
"Sep, 2021",1.0
"Aug, 2021",5.0
"Oct, 2021",4.0
"Oct, 2021",5.0
"Oct, 2021",5.0
"Jul, 2021",5.0
"Jul, 2021",5.0
"Oct, 2021",5.0
"Jun, 2021",5.0
"Apr, 2021",5.0
"Mar, 2021",5.0
"Aug, 2021",5.0
"Aug, 2021",5.0
"Nov, 2020",5.0
"Nov, 2020",5.0
"Oct, 2021",5.0
"Oct, 2021",3.0
"Jul, 2021",5.0
"Aug, 2021",5.0
"May, 2021",5.0
"Jan, 2022",1.0
"Aug, 2021",5.0
"Jul, 2021",5.0
"Oct, 2021",5.0
"May, 2021",5.0
"May, 2022",4.0
"Mar, 2022",5.0
"Oct, 2021",5.0
"Oct, 2021",5.0
"May, 2022",4.0
"Oct, 2021",5.0
"Jan, 2022",1.0
"Jan, 2022",5.0
"Oct, 2021",5.0
"Oct, 2021",5.0
"Oct, 2021",5.0
"Oct, 2021",5.0
"Nov, 2021",5.0
"Oct, 2021",5.0
"Jun, 2021",3.0
"Jul, 2021",5.0
"Oct, 2021",5.0
"Oct, 2021",5.0
"Oct, 2021",5.0
"Oct, 2021",5.0
"Oct, 2021",5.0
"Oct, 2021",5.0
"Oct, 2021",5.0
"Oct, 2021",5.0
"Mar, 2022",4.0
"Oct, 2021",5.0
"Oct, 2021",4.0
"Jul, 2021",5.0
"Nov, 2021",3.0
"Jun, 2021",5.0
"Aug, 2021",5.0
"Oct, 2021",5.0
"Oct, 2021",5.0
"Dec, 2021",5.0
"Oct, 2021",1.0
"Aug, 2021",5.0
"Aug, 2021",5.0
"Sep, 2021",5.0
"Dec, 2020",1.0
"Jul, 2021",5.0
"Oct, 2021",5.0
"Oct, 2021",5.0
"Aug, 2021",5.0
"Jul, 2021",5.0
"Apr, 2021",4.0
"May, 2021",4.0
"Oct, 2021",2.0
"Oct, 2021",1.0
"Oct, 2021",4.0
"Jan, 2022",5.0
"Oct, 2021",3.0
11 months ago,4.0
"Mar, 2022",5.0
"Jul, 2022",5.0
"Aug, 2022",5.0
"Oct, 2021",5.0
"Jul, 2022",5.0
"Feb, 2022",1.0
"Oct, 2021",5.0
"Oct, 2021",5.0
"Dec, 2021",1.0
"Dec, 2021",5.0
"Oct, 2021",5.0
"Oct, 2021",5.0
"Oct, 2021",5.0
"Oct, 2021",5.0
"Nov, 2021",5.0
"Jul, 2021",5.0
"Oct, 2021",5.0
"Oct, 2021",4.0
"Apr, 2021",5.0
"Apr, 2021",3.0
"Jun, 2021",3.0
"May, 2021",5.0
"Apr, 2021",4.0
"Jul, 2021",5.0
"Dec, 2020",5.0
"Jan, 2022",5.0
"Jan, 2022",5.0
"Jan, 2022",5.0
"Oct, 2021",5.0
"Jan, 2022",4.0
7 months ago,5.0
"May, 2022",5.0
"Jan, 2022",5.0
"Oct, 2021",5.0
"Jan, 2022",5.0
9 months ago,5.0
"Oct, 2021",5.0
"Jan, 2022",5.0
"Jan, 2022",5.0
1 month ago,5.0
"Oct, 2021",5.0
"Oct, 2021",4.0
"Aug, 2022",5.0
"Oct, 2021",5.0
6 months ago,3.0
"Oct, 2021",5.0
"Oct, 2021",5.0
"Oct, 2021",4.0
"Oct, 2021",5.0
10 months ago,5.0
"Mar, 2022",5.0
"Jul, 2022",5.0
"Mar, 2022",1.0
"Jul, 2022",5.0
"Jul, 2022",5.0
"Feb, 2022",5.0
"Jun, 2022",5.0
"Jul, 2022",5.0
"Jul, 2022",5.0
"May, 2022",5.0
"Jul, 2022",5.0
"May, 2022",5.0
"May, 2022",5.0
"May, 2022",1.0
"May, 2022",5.0
"Jan, 2022",5.0
"May, 2022",5.0
"Jun, 2022",5.0
"May, 2022",5.0
"May, 2022",5.0
"Jan, 2022",5.0
"May, 2022",5.0
"Apr, 2022",5.0
"Jan, 2022",1.0
"Jan, 2022",5.0
"Apr, 2022",5.0
"Mar, 2022",5.0
"Feb, 2022",4.0
"Dec, 2021",5.0
"Feb, 2022",5.0
"Dec, 2021",5.0
"Feb, 2022",5.0
"Jan, 2022",5.0
"Jan, 2022",5.0
"Dec, 2021",5.0
"Feb, 2022",1.0
"Jan, 2022",5.0
"Jan, 2022",5.0
"Jan, 2022",5.0
"Jan, 2022",5.0
"Jan, 2022",5.0
"Nov, 2021",5.0
"Oct, 2021",5.0
"Oct, 2021",5.0
"Jan, 2022",5.0
"Jan, 2022",4.0
"Jan, 2022",5.0
"Dec, 2021",4.0
"Jan, 2022",5.0
"Dec, 2021",5.0
8 months ago,4.0
9 months ago,5.0
"Nov, 2021",4.0
"Oct, 2021",5.0
11 months ago,5.0
"Aug, 2022",1.0
"Nov, 2021",5.0
"Oct, 2021",5.0
"Nov, 2021",5.0
"Jan, 2022",5.0
"Nov, 2021",5.0
"Dec, 2021",2.0
"Oct, 2021",5.0
"Nov, 2021",5.0
"May, 2022",4.0
"Nov, 2021",3.0
3 months ago,5.0
"Oct, 2021",5.0
"Jan, 2022",5.0
"Jan, 2022",4.0
"Dec, 2021",5.0
"Dec, 2021",5.0
"Dec, 2021",5.0
"Dec, 2021",5.0
"Dec, 2021",5.0
"Dec, 2021",5.0
"Oct, 2021",5.0
"Oct, 2021",5.0
"Nov, 2021",5.0
"Dec, 2021",5.0
"Aug, 2022",5.0
"Oct, 2021",5.0
"Nov, 2021",4.0
"Oct, 2021",5.0
"Nov, 2021",5.0
"Dec, 2021",5.0
"Nov, 2021",4.0
"Nov, 2021",5.0
"Nov, 2021",3.0
"Nov, 2021",5.0
"Nov, 2021",5.0
"Oct, 2021",5.0
"Nov, 2021",5.0
"Nov, 2021",5.0
"Jul, 2022",5.0
"Jul, 2022",4.0
"Nov, 2021",5.0
"Dec, 2021",5.0
"Nov, 2021",1.0
"Dec, 2021",5.0
"Nov, 2021",5.0
"Nov, 2021",5.0
"Nov, 2021",5.0
"Oct, 2021",5.0
"Oct, 2021",5.0
"Oct, 2021",5.0
"Nov, 2021",5.0
"Nov, 2021",5.0
"Oct, 2021",5.0
"Nov, 2021",3.0
"Apr, 2022",5.0
10 months ago,5.0
"Nov, 2021",3.0
"Nov, 2021",4.0
"Oct, 2021",5.0
"Oct, 2021",5.0
"Oct, 2021",5.0
"Oct, 2021",4.0
"Oct, 2021",5.0
"Oct, 2021",5.0
"Oct, 2021",5.0
"Oct, 2021",5.0
"Oct, 2021",5.0
"Oct, 2021",5.0
"Oct, 2021",4.0
"Oct, 2021",5.0
"Oct, 2021",5.0
"Oct, 2021",5.0
"Nov, 2021",5.0
"Oct, 2021",5.0
"Oct, 2021",5.0
"Oct, 2021",3.0
"Oct, 2021",5.0
"Nov, 2021",5.0
"Nov, 2021",5.0
"Oct, 2021",4.0
"Oct, 2021",5.0
"Oct, 2021",5.0
"Oct, 2021",5.0
"Oct, 2021",5.0
"Oct, 2021",5.0
"Oct, 2021",5.0
"Oct, 2021",5.0
"Oct, 2021",5.0
"Oct, 2021",5.0
"Sep, 2021",5.0
"Oct, 2021",4.0
"Oct, 2021",5.0
"Oct, 2021",5.0
"Oct, 2021",2.0
"Oct, 2021",5.0
"Oct, 2021",5.0
"Oct, 2021",5.0
"Oct, 2021",5.0
"Oct, 2021",5.0
"Oct, 2021",5.0
"Oct, 2021",5.0
"Oct, 2021",5.0
"Oct, 2021",5.0
"Aug, 2022",5.0
"Oct, 2021",5.0
"Oct, 2021",5.0
"Oct, 2021",4.0
"Oct, 2021",5.0
"Oct, 2021",5.0
"Oct, 2021",5.0
"Aug, 2021",5.0
"Oct, 2021",5.0
"Sep, 2021",4.0
"Oct, 2021",3.0
"Oct, 2021",4.0
"Oct, 2021",5.0
"Dec, 2021",5.0
"Oct, 2021",5.0
"Sep, 2021",3.0
"Sep, 2021",5.0
"Oct, 2021",5.0
"Oct, 2021",5.0
"Dec, 2021",4.0
"Nov, 2021",5.0
"Jan, 2022",5.0
"Oct, 2021",5.0
"Oct, 2021",5.0
"Nov, 2021",5.0
"Apr, 2021",5.0
"Sep, 2021",4.0
"Oct, 2021",5.0
"Oct, 2021",4.0
"Aug, 2022",5.0
"Aug, 2021",4.0
"Jul, 2021",5.0
"Oct, 2021",5.0
"Aug, 2021",5.0
"Jul, 2022",5.0
"Oct, 2021",5.0
"Sep, 2021",5.0
"Oct, 2021",5.0
"Oct, 2021",5.0
"Aug, 2021",5.0
"Oct, 2021",5.0
"Aug, 2021",5.0
"Oct, 2021",5.0
"Oct, 2021",5.0
"Aug, 2021",5.0
"Sep, 2021",5.0
"Aug, 2021",5.0
"Jan, 2021",5.0
"Oct, 2021",5.0
"Jul, 2021",5.0
"Oct, 2021",5.0
"Jul, 2021",3.0
"Jan, 2021",5.0
"Oct, 2021",5.0
"Oct, 2021",5.0
"Oct, 2021",5.0
"Aug, 2021",5.0
"Apr, 2021",5.0
"Oct, 2021",5.0
"Oct, 2021",5.0
"Mar, 2021",5.0
"Oct, 2021",5.0
"Mar, 2021",5.0
"Oct, 2021",5.0
"Oct, 2021",5.0
"Oct, 2021",5.0
"Jun, 2021",4.0
"Jun, 2021",5.0
"Dec, 2020",5.0
"Dec, 2020",5.0
"Nov, 2020",5.0
"May, 2021",5.0
"Sep, 2021",5.0
"Oct, 2021",5.0
"Feb, 2021",5.0
"Sep, 2021",5.0
"Sep, 2021",5.0
"Feb, 2021",5.0
"Dec, 2020",5.0
"Nov, 2021",5.0
"Oct, 2021",5.0
"Mar, 2021",5.0
"Dec, 2021",1.0
"Jan, 2022",5.0
"Nov, 2021",1.0
"Oct, 2021",4.0
"Oct, 2021",5.0
"Oct, 2021",5.0
"Aug, 2021",1.0
"Dec, 2020",5.0
"Dec, 2020",4.0
"Apr, 2021",4.0
"Apr, 2021",2.0
2 days ago,5.0
"Jan, 2022",4.0
"Mar, 2022",3.0
"Nov, 2021",4.0
"Oct, 2021",5.0
"Oct, 2021",5.0
"Sep, 2021",5.0
"Oct, 2021",4.0
"Aug, 2021",5.0
"Oct, 2021",4.0
"Aug, 2021",5.0
"Sep, 2021",5.0
"Oct, 2021",5.0
"Oct, 2021",5.0
"Oct, 2021",5.0
"Jun, 2021",5.0
"Aug, 2021",3.0
"Jan, 2021",5.0
"Dec, 2020",3.0
"Sep, 2021",5.0
"Nov, 2021",5.0
"Oct, 2021",5.0
"Jan, 2022",5.0
"Oct, 2021",5.0
"Oct, 2021",5.0
"Apr, 2022",5.0
"Apr, 2022",5.0
"Oct, 2021",5.0
"Aug, 2022",5.0
11 months ago,5.0
"Oct, 2021",5.0
"May, 2022",5.0
"Oct, 2021",5.0
"Oct, 2021",5.0
"Jan, 2022",5.0
"Oct, 2021",5.0
"Dec, 2021",1.0
"Dec, 2021",5.0
"Nov, 2021",5.0
"Dec, 2021",4.0
"Nov, 2021",5.0
"Nov, 2021",5.0
"Oct, 2021",2.0
"Oct, 2021",5.0
"Nov, 2021",5.0
"Oct, 2021",1.0
"Oct, 2021",5.0
"Oct, 2021",5.0
"Oct, 2021",5.0
"Oct, 2021",5.0
"Oct, 2021",5.0
"Oct, 2021",5.0
"Oct, 2021",5.0
8 months ago,5.0
"Oct, 2021",5.0
"Oct, 2021",5.0
"Oct, 2021",4.0
"Oct, 2021",5.0
"Oct, 2021",5.0
"Oct, 2021",5.0
"Oct, 2021",5.0
"Oct, 2021",5.0
"Jul, 2021",5.0
"Oct, 2021",5.0
"Oct, 2021",5.0
"Oct, 2021",5.0
"Apr, 2021",5.0
"Aug, 2021",5.0
"Oct, 2021",5.0
"Mar, 2021",5.0
"Nov, 2020",5.0
"Dec, 2020",5.0
"Oct, 2021",5.0
"Oct, 2021",5.0
"Jan, 2022",5.0
"Mar, 2022",5.0
"Dec, 2021",5.0
"Oct, 2021",5.0
"Aug, 2021",5.0
"Aug, 2021",3.0
"May, 2021",5.0
"Feb, 2021",5.0
"May, 2021",4.0
"Feb, 2021",5.0
"Aug, 2021",1.0
"Oct, 2021",5.0
"Oct, 2021",5.0
"Oct, 2021",5.0
"Jan, 2022",5.0
"Oct, 2021",5.0
"Jul, 2021",5.0
"Oct, 2021",5.0
"Jan, 2021",5.0
"Sep, 2021",4.0
"Aug, 2022",3.0
"Oct, 2021",5.0
"Oct, 2021",5.0
"Sep, 2021",5.0
"Oct, 2021",5.0
8 months ago,5.0
"Oct, 2021",5.0
"Oct, 2021",5.0
"Jan, 2022",3.0
"Jan, 2022",4.0
"Oct, 2021",5.0
"Oct, 2021",5.0
"Oct, 2021",5.0
"Jun, 2022",5.0
1 month ago,3.0
"Jan, 2022",5.0
"Oct, 2021",4.0
"Oct, 2021",5.0
2 months ago,5.0
"Jan, 2022",4.0
"Jan, 2022",5.0
"Oct, 2021",5.0
"Oct, 2021",5.0
"Jan, 2022",5.0
"Nov, 2021",5.0
"May, 2022",5.0
4 months ago,5.0
5 months ago,5.0
5 months ago,5.0
5 months ago,5.0
"Oct, 2021",1.0
"Oct, 2021",5.0
"Oct, 2021",5.0
"Jan, 2022",5.0
"Oct, 2021",5.0
"Jan, 2022",4.0
"Jan, 2022",5.0
5 months ago,1.0
5 months ago,5.0
"Oct, 2021",5.0
"Oct, 2021",3.0
"Jan, 2022",5.0
"Oct, 2021",5.0
"Jan, 2022",5.0
"May, 2022",4.0
"May, 2022",5.0
"Oct, 2021",5.0
6 months ago,5.0
"May, 2022",5.0
6 months ago,5.0
"Oct, 2021",3.0
7 months ago,5.0
"Oct, 2021",5.0
"Oct, 2021",4.0
"Oct, 2021",5.0
"May, 2022",5.0
"Oct, 2021",5.0
"Jan, 2022",5.0
"Oct, 2021",5.0
7 months ago,5.0
"Jan, 2022",5.0
"Oct, 2021",5.0
7 months ago,5.0
7 months ago,5.0
"May, 2022",4.0
"May, 2022",5.0
7 months ago,5.0
"Jan, 2022",5.0
8 months ago,5.0
"May, 2022",5.0
"Oct, 2021",5.0
"Oct, 2021",5.0
8 months ago,1.0
8 months ago,5.0
"May, 2022",5.0
"May, 2022",5.0
"Jan, 2022",5.0
"Oct, 2021",5.0
9 months ago,5.0
"Jan, 2022",5.0
"Jan, 2022",5.0
9 months ago,5.0
"Oct, 2021",5.0
9 months ago,5.0
"Jan, 2022",5.0
"Oct, 2021",5.0
"Oct, 2021",5.0
"Jan, 2022",5.0
"Oct, 2021",5.0
"Jan, 2022",5.0
"Oct, 2021",5.0
"Oct, 2021",5.0
"Apr, 2022",5.0
"Oct, 2021",5.0
10 months ago,5.0
"Jan, 2022",4.0
"Apr, 2022",5.0
"Apr, 2022",5.0
"Jan, 2022",5.0
11 months ago,5.0
11 months ago,5.0
"Jan, 2022",4.0
"Jan, 2022",5.0
"Apr, 2022",5.0
"Apr, 2022",5.0
11 months ago,5.0
"Oct, 2021",4.0
"Oct, 2021",5.0
"Oct, 2021",5.0
11 months ago,5.0
"Oct, 2021",4.0
"Apr, 2022",4.0
11 months ago,5.0
11 months ago,5.0
"Oct, 2021",5.0
11 months ago,5.0
11 months ago,5.0
"Oct, 2021",5.0
"Jan, 2022",5.0
"Apr, 2022",4.0
11 months ago,5.0
"Apr, 2022",5.0
"Jan, 2022",5.0
11 months ago,5.0
"Oct, 2021",5.0
"Jan, 2022",5.0
"Oct, 2021",5.0
11 months ago,3.0
"Jan, 2022",4.0
"Mar, 2022",5.0
"Sep, 2022",5.0
"Mar, 2022",5.0
1 month ago,5.0
"Jan, 2022",4.0
"Oct, 2021",5.0
2 months ago,3.0
2 months ago,5.0
"Oct, 2021",5.0
"Oct, 2021",5.0
"Oct, 2021",5.0
"Oct, 2021",5.0
3 months ago,5.0
"Aug, 2022",5.0
3 months ago,5.0
"Oct, 2021",2.0
"Oct, 2021",5.0
"Oct, 2021",3.0
"Oct, 2021",5.0
"Oct, 2021",5.0
"Aug, 2022",4.0
"Aug, 2022",5.0
"Oct, 2021",5.0
"Oct, 2021",5.0
"Oct, 2021",5.0
"Oct, 2021",3.0
"Oct, 2021",5.0
"Oct, 2021",5.0
4 months ago,5.0
4 months ago,5.0
"Jan, 2022",5.0
"Jan, 2022",5.0
"Oct, 2021",5.0
5 months ago,1.0
"Oct, 2021",5.0
"Aug, 2022",5.0
"Oct, 2021",5.0
5 months ago,1.0
"Aug, 2022",4.0
"Oct, 2021",5.0
"Oct, 2021",5.0
"Oct, 2021",4.0
"Mar, 2022",5.0
"Oct, 2021",5.0
"Mar, 2022",5.0
"Aug, 2022",5.0
"Oct, 2021",4.0
6 months ago,5.0
"Oct, 2021",5.0
"Oct, 2021",5.0
"Mar, 2022",5.0
"Oct, 2021",5.0
"Oct, 2021",5.0
"Oct, 2021",4.0
"Aug, 2022",4.0
"Oct, 2021",5.0
"Oct, 2021",5.0
"Aug, 2022",5.0
"Aug, 2022",3.0
"Aug, 2022",5.0
"Aug, 2022",4.0
"Aug, 2022",5.0
"Aug, 2022",5.0
"Jan, 2022",5.0
"Oct, 2021",5.0
6 months ago,3.0
"Mar, 2022",5.0
"Oct, 2021",5.0
"Oct, 2021",5.0
6 months ago,5.0
7 months ago,5.0
7 months ago,3.0
7 months ago,5.0
"Oct, 2021",5.0
"Oct, 2021",1.0
"Aug, 2022",5.0
"Mar, 2022",5.0
"Oct, 2021",5.0
7 months ago,5.0
"Aug, 2022",5.0
"Oct, 2021",5.0
"Jan, 2022",4.0
"Aug, 2022",5.0
7 months ago,5.0
7 months ago,1.0
"Mar, 2022",1.0
7 months ago,2.0
"Oct, 2021",5.0
"Oct, 2021",5.0
"Oct, 2021",4.0
"Aug, 2022",5.0
"Oct, 2021",5.0
8 months ago,5.0
"Aug, 2022",5.0
"Mar, 2022",5.0
"Mar, 2022",5.0
"Aug, 2022",3.0
8 months ago,5.0
9 months ago,5.0
9 months ago,5.0
"Aug, 2022",5.0
10 months ago,5.0
"Jan, 2022",5.0
"Oct, 2021",5.0
"Oct, 2021",5.0
"Jul, 2022",5.0
"Jul, 2022",5.0
"Oct, 2021",5.0
"Jul, 2022",4.0
"Mar, 2022",5.0
10 months ago,5.0
"Jul, 2022",5.0
"Jan, 2022",4.0
10 months ago,4.0
"Jul, 2022",5.0
"Oct, 2021",5.0
"Mar, 2022",5.0
"Jan, 2022",5.0
10 months ago,4.0
"Oct, 2021",5.0
"Jan, 2022",5.0
11 months ago,5.0
"Jan, 2022",5.0
"Oct, 2021",5.0
"Jan, 2022",5.0
"Jan, 2022",5.0
11 months ago,5.0
"Oct, 2021",5.0
"Jul, 2022",5.0
"Oct, 2021",4.0
"Oct, 2021",5.0
"Jul, 2022",1.0
"Jul, 2022",5.0
"Jan, 2022",5.0
"Jul, 2022",5.0
"Oct, 2021",5.0
"Oct, 2021",5.0
"Oct, 2021",4.0
"Oct, 2021",5.0
"Oct, 2021",5.0
"Jul, 2022",5.0
"Oct, 2021",5.0
"Oct, 2021",5.0
"Feb, 2022",5.0
"Oct, 2021",4.0
"Jul, 2022",5.0
"Jul, 2022",5.0
"Feb, 2022",3.0
"Sep, 2022",5.0
"Jul, 2022",4.0
"Jan, 2022",5.0
"Jul, 2022",5.0
"Jul, 2022",4.0
"Aug, 2022",5.0
"Aug, 2022",1.0
"Feb, 2022",5.0
"Feb, 2022",4.0
"Jul, 2022",5.0
"Aug, 2022",5.0
"Jul, 2022",5.0
"Aug, 2022",5.0
"Jul, 2022",3.0
"Feb, 2022",5.0
"Aug, 2022",5.0
"Jun, 2022",5.0
"Jan, 2022",5.0
"Jun, 2022",5.0
"Aug, 2022",5.0
"Feb, 2022",5.0
"Aug, 2022",1.0
"Jun, 2022",5.0
"Jun, 2022",5.0
"Feb, 2022",5.0
"Feb, 2022",5.0
"Aug, 2022",4.0
"Feb, 2022",5.0
"Jun, 2022",5.0
"Jun, 2022",5.0
"Jun, 2022",5.0
"Feb, 2022",5.0
"Jan, 2022",5.0
"Jun, 2022",5.0
"Jan, 2022",5.0
"Oct, 2021",5.0
"Jan, 2022",5.0
"Jun, 2022",5.0
"Jul, 2022",5.0
"Jun, 2022",5.0
"Jun, 2022",5.0
"Jan, 2022",5.0
"Feb, 2022",5.0
"Jun, 2022",4.0
"Feb, 2022",5.0
"Feb, 2022",5.0
"May, 2022",5.0
"Jan, 2022",5.0
"Feb, 2022",5.0
"Jul, 2022",5.0
"Oct, 2021",5.0
"May, 2022",5.0
"Jan, 2022",5.0
"Jul, 2022",5.0
"May, 2022",5.0
"May, 2022",5.0
"Oct, 2021",5.0
"Feb, 2022",5.0
"Jul, 2022",5.0
"Jan, 2022",5.0
"May, 2022",5.0
"Feb, 2022",5.0
"Jan, 2022",5.0
"Jul, 2022",5.0
"Feb, 2022",4.0
"Jan, 2022",5.0
"Feb, 2022",5.0
"Feb, 2022",5.0
"Jan, 2022",5.0
"Jul, 2022",5.0
"Jan, 2022",5.0
"Jul, 2022",4.0
"Feb, 2022",5.0
"Jan, 2022",5.0
"May, 2022",5.0
"Jan, 2022",5.0
"Jul, 2022",5.0
"Jul, 2022",2.0
"Jul, 2022",5.0
"May, 2022",5.0
"Jan, 2022",5.0
"Jan, 2022",5.0
"May, 2022",5.0
"Jul, 2022",5.0
"May, 2022",5.0
"May, 2022",5.0
"May, 2022",5.0
"Oct, 2021",5.0
"Oct, 2021",5.0
"May, 2022",5.0
"Oct, 2021",5.0
"Jan, 2022",5.0
"Jan, 2022",5.0
"Jan, 2022",5.0
"Jun, 2022",5.0
"May, 2022",5.0
"Jan, 2022",5.0
"May, 2022",5.0
"Oct, 2021",5.0
"Oct, 2021",5.0
"Jan, 2022",5.0
"Jun, 2022",5.0
"May, 2022",4.0
"Jun, 2022",5.0
"Jan, 2022",5.0
"Jun, 2022",5.0
"Jan, 2022",5.0
"May, 2022",5.0
"Jan, 2022",5.0
"May, 2022",5.0
"May, 2022",5.0
"Jun, 2022",1.0
"Jan, 2022",5.0
"Jan, 2022",5.0
"Jun, 2022",5.0
"May, 2022",1.0
"May, 2022",5.0
"Jan, 2022",4.0
"May, 2022",5.0
"Apr, 2022",5.0
"Oct, 2021",5.0
"Jan, 2022",5.0
"Apr, 2022",5.0
"Jan, 2022",5.0
"Apr, 2022",5.0
"Apr, 2022",5.0
"May, 2022",4.0
"Oct, 2021",4.0
"May, 2022",5.0
"May, 2022",5.0
"Oct, 2021",1.0
"Jan, 2022",4.0
"Apr, 2022",5.0
"May, 2022",5.0
"Apr, 2022",2.0
"Jan, 2022",4.0
"Oct, 2021",5.0
"Oct, 2021",4.0
"Oct, 2021",5.0
"May, 2022",5.0
"May, 2022",5.0
"May, 2022",4.0
"Oct, 2021",5.0
"Apr, 2022",5.0
"Jan, 2022",4.0
"Jan, 2022",5.0
"Jan, 2022",5.0
"Apr, 2022",4.0
"Oct, 2021",5.0
"Jan, 2022",4.0
"Jan, 2022",4.0
"Jan, 2022",5.0
"Apr, 2022",5.0
"Apr, 2022",5.0
"May, 2022",5.0
"Jan, 2022",2.0
"Oct, 2021",5.0
"May, 2022",5.0
"Jan, 2022",4.0
"Apr, 2022",5.0
"Oct, 2021",5.0
"Mar, 2022",5.0
"Jan, 2022",5.0
"Oct, 2021",5.0
"Jan, 2022",5.0
"May, 2022",5.0
"Jan, 2022",1.0
"Mar, 2022",5.0
"May, 2022",5.0
"Mar, 2022",4.0
"May, 2022",5.0
"Jan, 2022",5.0
"Jan, 2022",4.0
"Apr, 2022",5.0
"Apr, 2022",5.0
"Mar, 2022",4.0
"Oct, 2021",5.0
"Apr, 2022",5.0
"Jan, 2022",5.0
"Jan, 2022",5.0
"Apr, 2022",4.0
"Jan, 2022",5.0
"Jan, 2022",5.0
"Oct, 2021",4.0
"Apr, 2022",5.0
"Jan, 2022",2.0
"Jan, 2022",5.0
"Jan, 2022",5.0
"Jan, 2022",5.0
"Apr, 2022",5.0
"Jan, 2022",5.0
"Mar, 2022",5.0
"Mar, 2022",1.0
"Apr, 2022",5.0
"Apr, 2022",5.0
"Mar, 2022",5.0
"Oct, 2021",5.0
"Oct, 2021",5.0
"Jan, 2022",5.0
"Mar, 2022",5.0
"Jan, 2022",5.0
"Apr, 2022",3.0
"Jan, 2022",5.0
"Apr, 2022",5.0
"Mar, 2022",5.0
"Mar, 2022",4.0
"Jan, 2022",5.0
"Jan, 2022",3.0
"Mar, 2022",5.0
"Mar, 2022",5.0
"Mar, 2022",5.0
"Mar, 2022",5.0
"Mar, 2022",4.0
"Jan, 2022",5.0
"Oct, 2021",4.0
"Mar, 2022",5.0
"Jan, 2022",5.0
"Mar, 2022",5.0
"Mar, 2022",5.0
"Mar, 2022",5.0
"Mar, 2022",5.0
"Mar, 2022",5.0
"Mar, 2022",5.0
"Mar, 2022",5.0
"Mar, 2022",4.0
"Mar, 2022",5.0
"Mar, 2022",4.0
"Jan, 2022",5.0
"Mar, 2022",5.0
"Jan, 2022",5.0
"Jan, 2022",5.0
"Mar, 2022",5.0
"Mar, 2022",5.0
"Mar, 2022",5.0
"Mar, 2022",5.0
"Jan, 2022",5.0
"Oct, 2021",5.0
"Feb, 2022",5.0
"Oct, 2021",4.0
"Mar, 2022",5.0
"Feb, 2022",5.0
"Mar, 2022",5.0
"Mar, 2022",5.0
"Mar, 2022",5.0
"Feb, 2022",5.0
"Oct, 2021",5.0
"Jan, 2022",5.0
"Mar, 2022",5.0
"Jan, 2022",4.0
"Mar, 2022",5.0
"Jan, 2022",5.0
"Feb, 2022",5.0
"Dec, 2021",1.0
"Feb, 2022",5.0
"Oct, 2021",5.0
"Feb, 2022",5.0
"Mar, 2022",5.0
"Feb, 2022",5.0
"Jan, 2022",5.0
"Jan, 2022",5.0
"Dec, 2021",5.0
"Oct, 2021",5.0
"Feb, 2022",5.0
"Jan, 2022",5.0
"Jan, 2022",5.0
"Oct, 2021",5.0
"Mar, 2022",5.0
"Mar, 2022",4.0
"Dec, 2021",5.0
"Mar, 2022",5.0
"Feb, 2022",5.0
"Oct, 2021",5.0
"Feb, 2022",5.0
"Dec, 2021",5.0
"Dec, 2021",5.0
"Feb, 2022",4.0
"Feb, 2022",4.0
"Feb, 2022",5.0
"Mar, 2022",2.0
"Feb, 2022",5.0
"Mar, 2022",5.0
"Feb, 2022",5.0
"Jan, 2022",5.0
"Oct, 2021",5.0
"Feb, 2022",4.0
"Mar, 2022",5.0
"Oct, 2021",5.0
"Dec, 2021",5.0
"Jan, 2022",5.0
"Feb, 2022",3.0
"Oct, 2021",5.0
"Mar, 2022",5.0
"Mar, 2022",5.0
"Mar, 2022",5.0
"Dec, 2021",5.0
"Dec, 2021",5.0
"Jan, 2022",5.0
"Feb, 2022",5.0
"Mar, 2022",5.0
"Oct, 2021",5.0
"Feb, 2022",5.0
"Feb, 2022",5.0
"Feb, 2022",5.0
"Oct, 2021",5.0
"Oct, 2021",4.0
"Oct, 2021",5.0
"Feb, 2022",5.0
"Feb, 2022",1.0
"Oct, 2021",5.0
"Dec, 2021",4.0
"Feb, 2022",5.0
"Jan, 2022",4.0
"Oct, 2021",1.0
"Jan, 2022",5.0
"Feb, 2022",5.0
"Feb, 2022",5.0
"Feb, 2022",5.0
"Feb, 2022",5.0
"Dec, 2021",5.0
"Feb, 2022",5.0
"Dec, 2021",4.0
"Dec, 2021",5.0
"Feb, 2022",5.0
"Jan, 2022",5.0
"Jan, 2022",5.0
"Oct, 2021",5.0
"Feb, 2022",5.0
"Feb, 2022",5.0
"Feb, 2022",5.0
"Jan, 2022",5.0
"Feb, 2022",1.0
"Oct, 2021",5.0
"Jan, 2022",5.0
"Dec, 2021",5.0
"Feb, 2022",5.0
"Feb, 2022",5.0
"Feb, 2022",5.0
"Feb, 2022",5.0
"Dec, 2021",4.0
"Oct, 2021",5.0
"Jan, 2022",5.0
"Oct, 2021",5.0
"Oct, 2021",4.0
"Feb, 2022",5.0
"Feb, 2022",5.0
"Feb, 2022",5.0
"Feb, 2022",4.0
"Dec, 2021",5.0
"Feb, 2022",5.0
"Oct, 2021",5.0
"Jan, 2022",5.0
"Feb, 2022",5.0
"Feb, 2022",5.0
"Feb, 2022",5.0
"Jan, 2022",5.0
"Feb, 2022",5.0
"Jan, 2022",5.0
"Jan, 2022",4.0
"Feb, 2022",5.0
"Jan, 2022",5.0
"Jan, 2022",4.0
"Feb, 2022",5.0
"Feb, 2022",5.0
"Jan, 2022",5.0
"Oct, 2021",1.0
"Dec, 2021",5.0
"Jan, 2022",5.0
"Dec, 2021",5.0
"Feb, 2022",5.0
"Feb, 2022",5.0
"Dec, 2021",5.0
"Jan, 2022",5.0
"Oct, 2021",5.0
"Feb, 2022",3.0
"Dec, 2021",5.0
"Dec, 2021",5.0
"Feb, 2022",5.0
"Jan, 2022",5.0
"Oct, 2021",5.0
"Feb, 2022",2.0
"Feb, 2022",5.0
"Jan, 2022",5.0
"Jan, 2022",4.0
"Dec, 2021",4.0
"Oct, 2021",5.0
"Feb, 2022",5.0
"Feb, 2022",5.0
"Jan, 2022",5.0
"Jan, 2022",5.0
"Jan, 2022",5.0
"Feb, 2022",5.0
"Dec, 2021",5.0
"Feb, 2022",5.0
"Oct, 2021",5.0
"Jan, 2022",5.0
"Oct, 2021",5.0
"Feb, 2022",5.0
"Jan, 2022",2.0
"Jan, 2022",5.0
"Feb, 2022",4.0
"Feb, 2022",5.0
"Jan, 2022",5.0
"Jan, 2022",5.0
"Feb, 2022",5.0
"Jan, 2022",5.0
"Jan, 2022",4.0
"Dec, 2021",5.0
"Jan, 2022",5.0
"Dec, 2021",4.0
"Jan, 2022",5.0
"Feb, 2022",5.0
"Jan, 2022",5.0
"Jan, 2022",5.0
"Jan, 2022",5.0
"Jan, 2022",5.0
"Jan, 2022",5.0
"Jan, 2022",5.0
"Oct, 2021",5.0
"Dec, 2021",5.0
"Jan, 2022",5.0
"Jan, 2022",5.0
"Jan, 2022",5.0
"Jan, 2022",5.0
"Jan, 2022",1.0
"Oct, 2021",5.0
"Oct, 2021",5.0
"Jan, 2022",5.0
"Jan, 2022",4.0
"Jan, 2022",5.0
"Jan, 2022",5.0
"Jan, 2022",5.0
"Jan, 2022",5.0
"Dec, 2021",5.0
"Dec, 2021",5.0
"Jan, 2022",5.0
"Dec, 2021",5.0
"Jan, 2022",5.0
"Jan, 2022",5.0
"Jan, 2022",5.0
"Dec, 2021",5.0
"Jan, 2022",5.0
"Jan, 2022",5.0
"Jan, 2022",5.0
"Dec, 2021",4.0
"Jan, 2022",4.0
"Jan, 2022",5.0
"Jan, 2022",2.0
"Jan, 2022",4.0
"Jan, 2022",5.0
"Jan, 2022",5.0
"Jan, 2022",5.0
"Jan, 2022",5.0
"Oct, 2021",5.0
"Jan, 2022",5.0
"Jan, 2022",5.0
"Jan, 2022",3.0
"Jan, 2022",5.0
"Jan, 2022",5.0
"Jan, 2022",1.0
"Oct, 2021",5.0
"Jan, 2022",5.0
"Dec, 2021",5.0
"Jan, 2022",5.0
"Oct, 2021",5.0
"Dec, 2021",5.0
"Jan, 2022",5.0
"Jan, 2022",5.0
"Jan, 2022",5.0
"Jan, 2022",5.0
"Jan, 2022",5.0
"Oct, 2021",5.0
"Jan, 2022",5.0
"Jan, 2022",2.0
"Jan, 2022",5.0
"Dec, 2021",5.0
"Jan, 2022",5.0
"Jan, 2022",5.0
"Jan, 2022",5.0
"Jan, 2022",5.0
"Jan, 2022",5.0
"Jan, 2022",1.0
"Jan, 2022",2.0
"Oct, 2021",5.0
"Oct, 2021",5.0
"Jan, 2022",5.0
"Jan, 2022",4.0
"Jan, 2022",5.0
"Jan, 2022",3.0
"Jan, 2022",5.0
"Jan, 2022",4.0
"Jan, 2022",5.0
"Jan, 2022",5.0
"Jan, 2022",4.0
"Oct, 2021",5.0
"Oct, 2021",5.0
"Oct, 2021",5.0
"Jan, 2022",5.0
"Jan, 2022",5.0
"Oct, 2021",5.0
"Jan, 2022",4.0
"Jan, 2022",1.0
"Oct, 2021",5.0
"Dec, 2021",4.0
"Jan, 2022",5.0
"Jan, 2022",4.0
"Oct, 2021",5.0
"Jan, 2022",4.0
"Dec, 2021",5.0
"Dec, 2021",4.0
"Jan, 2022",5.0
"Oct, 2021",5.0
"Jan, 2022",5.0
"Oct, 2021",5.0
"Nov, 2021",5.0
"Jan, 2022",5.0
"Jan, 2022",5.0
"Jan, 2022",5.0
"Dec, 2021",5.0
"Jan, 2022",5.0
"Jan, 2022",4.0
"Dec, 2021",5.0
"Dec, 2021",5.0
"Jan, 2022",5.0
"Dec, 2021",5.0
"Jan, 2022",4.0
"Nov, 2021",5.0
"Dec, 2021",5.0
"Oct, 2021",5.0
"Oct, 2021",5.0
"Jan, 2022",5.0
"Dec, 2021",5.0
"Dec, 2021",5.0
"Jan, 2022",5.0
"Jan, 2022",4.0
"Jan, 2022",5.0
"Dec, 2021",5.0
"Dec, 2021",5.0
"Jan, 2022",4.0
"Jan, 2022",5.0
"Jan, 2022",5.0
"Jan, 2022",5.0
"Oct, 2021",5.0
"Dec, 2021",5.0
"Dec, 2021",5.0
"Oct, 2021",5.0
"Jan, 2022",5.0
"Jan, 2022",5.0
"Dec, 2021",5.0
"Jan, 2022",1.0
"Dec, 2021",5.0
"Jan, 2022",5.0
"Dec, 2021",5.0
"Jan, 2022",5.0
"Nov, 2021",5.0
"Jan, 2022",5.0
"Oct, 2021",3.0
"Nov, 2021",5.0
"Oct, 2021",5.0
"Oct, 2021",5.0
"Jan, 2022",5.0
"Oct, 2021",5.0
"Dec, 2021",5.0
"Jan, 2022",5.0
"Dec, 2021",5.0
"Dec, 2021",5.0
"Jan, 2022",5.0
"Jan, 2022",5.0
"Nov, 2021",5.0
"Jan, 2022",5.0
"Jan, 2022",1.0
"Dec, 2021",5.0
"Dec, 2021",5.0
"Jan, 2022",5.0
"Oct, 2021",4.0
"Dec, 2021",5.0
"Oct, 2021",5.0
"Dec, 2021",5.0
"Jan, 2022",1.0
"Jan, 2022",5.0
"Jan, 2022",5.0
"Dec, 2021",5.0
"Dec, 2021",4.0
"Jan, 2022",5.0
"Dec, 2021",5.0
"Jan, 2022",5.0
"Jan, 2022",3.0
"Jan, 2022",5.0
"Dec, 2021",4.0
"Dec, 2021",5.0
"Nov, 2021",5.0
"Oct, 2021",5.0
"Jan, 2022",5.0
"Jan, 2022",5.0
"Nov, 2021",5.0
"Jan, 2022",5.0
"Nov, 2021",5.0
"Jan, 2022",5.0
"Jan, 2022",5.0
"Jan, 2022",5.0
"Nov, 2021",5.0
"Nov, 2021",1.0
"Nov, 2021",5.0
"Nov, 2021",5.0
"Nov, 2021",5.0
"Jan, 2022",5.0
"Nov, 2021",4.0
"Jan, 2022",5.0
"Dec, 2021",5.0
"Dec, 2021",5.0
"Oct, 2021",5.0
"Jan, 2022",5.0
"Dec, 2021",5.0
"Dec, 2021",5.0
"Jan, 2022",5.0
"Dec, 2021",5.0
"Dec, 2021",5.0
"Jan, 2022",5.0
"Jan, 2022",5.0
"Nov, 2021",5.0
"Dec, 2021",4.0
"Nov, 2021",5.0
"Jan, 2022",5.0
"Dec, 2021",5.0
"Oct, 2021",5.0
"Dec, 2021",5.0
"Oct, 2021",5.0
"Dec, 2021",5.0
"Nov, 2021",4.0
"Dec, 2021",5.0
"Oct, 2021",5.0
"Jan, 2022",5.0
"Jan, 2022",5.0
"Jan, 2022",5.0
"Dec, 2021",5.0
"Dec, 2021",5.0
"Nov, 2021",3.0
"Jan, 2022",5.0
"Dec, 2021",5.0
"Nov, 2021",5.0
"Jan, 2022",5.0
"Oct, 2021",5.0
"Dec, 2021",5.0
"Jan, 2022",5.0
"Jan, 2022",5.0
"Oct, 2021",5.0
"Nov, 2021",5.0
"Dec, 2021",5.0
"Dec, 2021",5.0
"Jan, 2022",5.0
"Oct, 2021",5.0
"Jan, 2022",4.0
"Jan, 2022",3.0
"Dec, 2021",4.0
"Jan, 2022",4.0
"Dec, 2021",4.0
"Oct, 2021",5.0
"Dec, 2021",5.0
"Dec, 2021",5.0
"Dec, 2021",4.0
"Oct, 2021",5.0
"Dec, 2021",5.0
"Dec, 2021",5.0
"Dec, 2021",5.0
"Dec, 2021",3.0
"Jan, 2022",5.0
"Dec, 2021",4.0
"Jan, 2022",5.0
"Nov, 2021",4.0
"Dec, 2021",4.0
"Oct, 2021",4.0
"Dec, 2021",5.0
"Dec, 2021",5.0
1 month ago,5.0
2 months ago,5.0
"Dec, 2021",5.0
"Oct, 2021",5.0
"Dec, 2021",5.0
"Nov, 2021",1.0
3 months ago,5.0
"Oct, 2021",5.0
"Dec, 2021",1.0
5 months ago,5.0
"Dec, 2021",5.0
"Dec, 2021",5.0
"Dec, 2021",5.0
6 months ago,5.0
6 months ago,3.0
"Dec, 2021",5.0
"Dec, 2021",5.0
"Dec, 2021",3.0
7 months ago,5.0
"Dec, 2021",5.0
"Dec, 2021",5.0
"Dec, 2021",5.0
"Dec, 2021",5.0
7 months ago,4.0
8 months ago,5.0
8 months ago,5.0
"Jan, 2022",5.0
8 months ago,4.0
9 months ago,5.0
"Dec, 2021",5.0
"Oct, 2021",5.0
9 months ago,5.0
"Nov, 2021",4.0
"Dec, 2021",3.0
"Jan, 2022",4.0
"Dec, 2021",5.0
10 months ago,5.0
"Jan, 2022",5.0
"Oct, 2021",5.0
"Oct, 2021",5.0
"Dec, 2021",4.0
"Dec, 2021",1.0
"Dec, 2021",5.0
"Dec, 2021",4.0
11 months ago,5.0
11 months ago,5.0
"Jan, 2022",4.0
"Dec, 2021",5.0
11 months ago,5.0
"Nov, 2021",5.0
"Nov, 2021",5.0
"Oct, 2021",5.0
"Nov, 2021",5.0
"Oct, 2021",5.0
"Nov, 2021",4.0
"Nov, 2021",5.0
11 months ago,5.0
11 months ago,5.0
"Oct, 2021",4.0
"Nov, 2021",5.0
"Nov, 2021",5.0
"Nov, 2021",5.0
11 months ago,5.0
"Oct, 2021",5.0
"Dec, 2021",4.0
11 months ago,4.0
"Dec, 2021",5.0
"Sep, 2022",5.0
"Aug, 2022",5.0
"Oct, 2021",5.0
"Aug, 2022",4.0
"Oct, 2021",5.0
"Aug, 2022",5.0
"Dec, 2021",5.0
"Jan, 2022",5.0
"Dec, 2021",5.0
"Nov, 2021",5.0
"Nov, 2021",5.0
"Jan, 2022",5.0
"Dec, 2021",5.0
"Oct, 2021",5.0
"Dec, 2021",5.0
"Dec, 2021",4.0
"Aug, 2022",5.0
"Nov, 2021",5.0
"Oct, 2021",5.0
"Aug, 2022",5.0
"Nov, 2021",5.0
"Jan, 2022",1.0
"Jan, 2022",5.0
"Nov, 2021",5.0
"Nov, 2021",5.0
"Nov, 2021",5.0
"Oct, 2021",5.0
"Dec, 2021",2.0
"Dec, 2021",5.0
"Oct, 2021",5.0
"Dec, 2021",5.0
"Nov, 2021",5.0
"Oct, 2021",4.0
"Dec, 2021",1.0
"Jan, 2022",5.0
"Dec, 2021",4.0
"Jan, 2022",5.0
"Dec, 2021",3.0
"Oct, 2021",5.0
"Dec, 2021",3.0
"Jan, 2022",4.0
"Dec, 2021",5.0
"Oct, 2021",5.0
"Nov, 2021",4.0
"Dec, 2021",5.0
"Aug, 2022",4.0
"Nov, 2021",5.0
"Dec, 2021",5.0
"Dec, 2021",5.0
"Aug, 2022",4.0
"Nov, 2021",5.0
"Dec, 2021",4.0
"Jan, 2022",5.0
"Nov, 2021",5.0
"Nov, 2021",5.0
"Oct, 2021",5.0
"Nov, 2021",5.0
"Nov, 2021",5.0
"Dec, 2021",5.0
"Nov, 2021",5.0
"Aug, 2022",5.0
"Oct, 2021",5.0
"Aug, 2022",5.0
"Dec, 2021",5.0
"Oct, 2021",5.0
"Nov, 2021",3.0
"Jan, 2022",5.0
"Jan, 2022",5.0
"Oct, 2021",5.0
"Dec, 2021",5.0
"Dec, 2021",3.0
"Jul, 2022",5.0
"Dec, 2021",5.0
"Jan, 2022",4.0
"Nov, 2021",3.0
"Jul, 2022",5.0
"Nov, 2021",5.0
"Dec, 2021",5.0
"Nov, 2021",5.0
"Jul, 2022",4.0
"Dec, 2021",5.0
"Nov, 2021",5.0
"Nov, 2021",5.0
"Oct, 2021",5.0
"Nov, 2021",5.0
"Nov, 2021",5.0
"Nov, 2021",5.0
"Oct, 2021",5.0
"Jan, 2022",4.0
"Oct, 2021",5.0
"Jan, 2022",1.0
"Oct, 2021",5.0
"Nov, 2021",5.0
"Jul, 2022",5.0
"Nov, 2021",5.0
"Nov, 2021",5.0
"Jul, 2022",5.0
"Oct, 2021",5.0
"Jul, 2022",4.0
"Jul, 2022",5.0
"Jan, 2022",5.0
"Nov, 2021",5.0
"Jan, 2022",4.0
"Dec, 2021",4.0
"Nov, 2021",5.0
"Jul, 2022",5.0
"Nov, 2021",4.0
"Oct, 2021",5.0
"Nov, 2021",5.0
"Dec, 2021",4.0
"Nov, 2021",5.0
"Jul, 2022",4.0
"Nov, 2021",5.0
"Oct, 2021",5.0
"Dec, 2021",5.0
"Dec, 2021",4.0
"Nov, 2021",5.0
"Dec, 2021",5.0
"Oct, 2021",5.0
"Jun, 2022",5.0
"Jun, 2022",5.0
"Nov, 2021",3.0
"Oct, 2021",5.0
"Oct, 2021",5.0
"Dec, 2021",1.0
"Dec, 2021",5.0
"Nov, 2021",2.0
"Oct, 2021",4.0
"Nov, 2021",5.0
"Nov, 2021",5.0
"Jun, 2022",5.0
"Dec, 2021",5.0
"Jun, 2022",5.0
"Dec, 2021",5.0
"Jun, 2022",5.0
"Nov, 2021",4.0
"Nov, 2021",5.0
"Dec, 2021",3.0
"Dec, 2021",5.0
"Nov, 2021",5.0
"May, 2022",5.0
"May, 2022",5.0
"Dec, 2021",5.0
"Dec, 2021",5.0
"Nov, 2021",5.0
"Nov, 2021",5.0
"Dec, 2021",2.0
"Dec, 2021",5.0
"Nov, 2021",5.0
"Nov, 2021",5.0
"Nov, 2021",5.0
"Dec, 2021",5.0
"Nov, 2021",4.0
"Nov, 2021",5.0
"May, 2022",5.0
"Dec, 2021",5.0
"May, 2022",5.0
"May, 2022",5.0
"Oct, 2021",5.0
"Dec, 2021",5.0
"Dec, 2021",5.0
"Dec, 2021",4.0
"Oct, 2021",5.0
"Dec, 2021",5.0
"Dec, 2021",5.0
"Oct, 2021",1.0
"May, 2022",5.0
"May, 2022",5.0
"Dec, 2021",5.0
"Dec, 2021",5.0
"Dec, 2021",5.0
"Nov, 2021",5.0
"Dec, 2021",5.0
"Apr, 2022",5.0
"Nov, 2021",5.0
"Nov, 2021",4.0
"Nov, 2021",5.0
"Dec, 2021",1.0
"Nov, 2021",5.0
"Oct, 2021",5.0
"Nov, 2021",5.0
"Dec, 2021",5.0
"Dec, 2021",5.0
"Dec, 2021",5.0
"Oct, 2021",5.0
"Nov, 2021",4.0
"Nov, 2021",5.0
"Oct, 2021",5.0
"Apr, 2022",5.0
"Dec, 2021",5.0
"Dec, 2021",5.0
"Nov, 2021",5.0
"Nov, 2021",5.0
"Nov, 2021",5.0
"Nov, 2021",5.0
"Dec, 2021",4.0
"Mar, 2022",4.0
"Mar, 2022",5.0
"Dec, 2021",5.0
"Nov, 2021",5.0
"Nov, 2021",5.0
"Dec, 2021",4.0
"Nov, 2021",5.0
"Nov, 2021",5.0
"Oct, 2021",5.0
"Mar, 2022",5.0
"Nov, 2021",4.0
"Mar, 2022",5.0
"Mar, 2022",3.0
"Nov, 2021",5.0
"Nov, 2021",5.0
"Nov, 2021",4.0
"Dec, 2021",5.0
"Dec, 2021",5.0
"Oct, 2021",5.0
"Dec, 2021",4.0
"Feb, 2022",5.0
"Dec, 2021",5.0
"Nov, 2021",4.0
1 day ago,5.0
"Nov, 2021",4.0
"Nov, 2021",5.0
"Dec, 2021",5.0
"Dec, 2021",5.0
"Nov, 2021",5.0
"Dec, 2021",5.0
"Feb, 2022",5.0
"Oct, 2021",5.0
"Feb, 2022",5.0
"Oct, 2021",5.0
"Dec, 2021",4.0
"Dec, 2021",5.0
"Oct, 2021",5.0
1 month ago,5.0
"Nov, 2021",5.0
"Dec, 2021",5.0
"Feb, 2022",5.0
"Nov, 2021",5.0
"Dec, 2021",3.0
"Jan, 2022",5.0
"Jan, 2022",5.0
"Jan, 2022",4.0
"Nov, 2021",5.0
"Nov, 2021",3.0
"Oct, 2021",5.0
"Dec, 2021",4.0
"Oct, 2021",4.0
"Nov, 2021",5.0
"Jan, 2022",5.0
"Jan, 2022",5.0
"Dec, 2021",5.0
"Jan, 2022",5.0
"Dec, 2021",5.0
"Jan, 2022",5.0
"Nov, 2021",5.0
"Nov, 2021",5.0
"Jan, 2022",5.0
"Oct, 2021",5.0
"Dec, 2021",5.0
"Dec, 2021",5.0
"Nov, 2021",5.0
"Nov, 2021",5.0
5 months ago,5.0
"Nov, 2021",5.0
"Jan, 2022",5.0
5 months ago,5.0
"Dec, 2021",5.0
"Oct, 2021",5.0
"Nov, 2021",5.0
"Nov, 2021",5.0
"Nov, 2021",5.0
"Dec, 2021",5.0
"Nov, 2021",4.0
"Nov, 2021",5.0
"Jan, 2022",5.0
"Dec, 2021",5.0
"Nov, 2021",5.0
6 months ago,5.0
"Jan, 2022",5.0
"Nov, 2021",4.0
"Dec, 2021",5.0
"Dec, 2021",5.0
"Dec, 2021",5.0
"Oct, 2021",5.0
"Jan, 2022",5.0
"Nov, 2021",5.0
"Jan, 2022",5.0
"Jan, 2022",5.0
"Jan, 2022",5.0
"Nov, 2021",5.0
"Nov, 2021",5.0
"Nov, 2021",5.0
"Nov, 2021",5.0
"Dec, 2021",4.0
"Nov, 2021",5.0
"Dec, 2021",5.0
"Dec, 2021",3.0
"Oct, 2021",5.0
"Jan, 2022",5.0
"Nov, 2021",5.0
"Jan, 2022",4.0
7 months ago,5.0
"Dec, 2021",5.0
"Dec, 2021",5.0
"Dec, 2021",5.0
"Dec, 2021",5.0
8 months ago,5.0
"Dec, 2021",5.0
"Dec, 2021",5.0
"Dec, 2021",3.0
"Dec, 2021",5.0
"Nov, 2021",5.0
"Dec, 2021",5.0
"Dec, 2021",4.0
"Nov, 2021",5.0
"Dec, 2021",5.0
"Nov, 2021",4.0
8 months ago,5.0
9 months ago,5.0
"Dec, 2021",4.0
"Oct, 2021",5.0
"Nov, 2021",5.0
9 months ago,5.0
"Nov, 2021",5.0
"Nov, 2021",1.0
"Dec, 2021",5.0
"Dec, 2021",5.0
"Dec, 2021",5.0
"Nov, 2021",5.0
"Dec, 2021",5.0
"Oct, 2021",5.0
"Dec, 2021",5.0
"Nov, 2021",5.0
"Dec, 2021",5.0
"Oct, 2021",5.0
"Nov, 2021",5.0
10 months ago,5.0
"Oct, 2021",5.0
"Dec, 2021",5.0
"Nov, 2021",4.0
"Oct, 2021",5.0
"Oct, 2021",5.0
"Dec, 2021",5.0
"Nov, 2021",5.0
"Nov, 2021",4.0
"Dec, 2021",5.0
"Dec, 2021",5.0
"Nov, 2021",5.0
"Dec, 2021",5.0
"Nov, 2021",5.0
"Dec, 2021",5.0
"Dec, 2021",5.0
"Nov, 2021",5.0
"Dec, 2021",5.0
"Dec, 2021",5.0
"Nov, 2021",5.0
"Nov, 2021",5.0
"Nov, 2021",5.0
"Nov, 2021",5.0
"Dec, 2021",1.0
"Dec, 2021",5.0
"Oct, 2021",1.0
"Dec, 2021",4.0
"Nov, 2021",5.0
"Dec, 2021",5.0
"Nov, 2021",5.0
"Nov, 2021",5.0
"Nov, 2021",5.0
"Dec, 2021",5.0
"Nov, 2021",5.0
"Dec, 2021",5.0
"Nov, 2021",4.0
"Nov, 2021",5.0
"Dec, 2021",4.0
"Oct, 2021",5.0
"Nov, 2021",3.0
"Dec, 2021",5.0
"Nov, 2021",5.0
"Dec, 2021",5.0
"Oct, 2021",5.0
"Dec, 2021",5.0
"Dec, 2021",5.0
"Nov, 2021",5.0
"Dec, 2021",5.0
"Dec, 2021",5.0
"Dec, 2021",5.0
"Oct, 2021",5.0
"Dec, 2021",5.0
"Dec, 2021",5.0
"Nov, 2021",5.0
"Nov, 2021",5.0
11 months ago,5.0
11 months ago,5.0
"Nov, 2021",5.0
"Dec, 2021",5.0
"Dec, 2021",2.0
"Dec, 2021",5.0
"Dec, 2021",4.0
"Dec, 2021",4.0
"Dec, 2021",5.0
"Oct, 2021",5.0
"Nov, 2021",5.0
"Nov, 2021",5.0
"Nov, 2021",5.0
"Dec, 2021",5.0
"Dec, 2021",5.0
"Dec, 2021",5.0
"Nov, 2021",4.0
"Dec, 2021",5.0
"Dec, 2021",5.0
"Sep, 2022",5.0
"Sep, 2022",5.0
"Oct, 2021",5.0
"Nov, 2021",5.0
"Dec, 2021",1.0
"Nov, 2021",5.0
"Oct, 2021",5.0
"Nov, 2021",5.0
"Nov, 2021",5.0
"Dec, 2021",5.0
"Nov, 2021",5.0
"Nov, 2021",3.0
"Dec, 2021",5.0
"Nov, 2021",5.0
"Nov, 2021",5.0
"Nov, 2021",5.0
"Dec, 2021",5.0
"Nov, 2021",4.0
"Nov, 2021",5.0
"Nov, 2021",5.0
"Nov, 2021",4.0
"Nov, 2021",5.0
"Nov, 2021",5.0
"Nov, 2021",4.0
"Nov, 2021",5.0
"Dec, 2021",5.0
"Nov, 2021",5.0
"Nov, 2021",5.0
"Oct, 2021",5.0
"Nov, 2021",5.0
"Nov, 2021",4.0
"Oct, 2021",5.0
"Oct, 2021",5.0
"Nov, 2021",5.0
"Nov, 2021",5.0
"Nov, 2021",4.0
"Oct, 2021",5.0
"Nov, 2021",5.0
"Aug, 2022",5.0
"Nov, 2021",5.0
"Nov, 2021",4.0
"Nov, 2021",5.0
"Oct, 2021",5.0
"Nov, 2021",5.0
"Oct, 2021",5.0
"Nov, 2021",5.0
"Nov, 2021",5.0
"Aug, 2022",5.0
"Nov, 2021",5.0
3 months ago,5.0
"Nov, 2021",4.0
"Nov, 2021",5.0
"Nov, 2021",5.0
"Oct, 2021",5.0
"Nov, 2021",5.0
"Nov, 2021",5.0
"Nov, 2021",4.0
"Dec, 2021",5.0
"Nov, 2021",5.0
"Nov, 2021",4.0
"Nov, 2021",5.0
"Nov, 2021",5.0
"Nov, 2021",5.0
"Nov, 2021",5.0
"Nov, 2021",5.0
"Nov, 2021",5.0
"Nov, 2021",4.0
"Oct, 2021",5.0
"Nov, 2021",5.0
"Nov, 2021",4.0
"Nov, 2021",5.0
"Aug, 2022",5.0
"Nov, 2021",4.0
"Nov, 2021",4.0
"Nov, 2021",5.0
"Nov, 2021",5.0
"Nov, 2021",5.0
"Dec, 2021",5.0
"Nov, 2021",5.0
"Oct, 2021",5.0
"Oct, 2021",5.0
"Oct, 2021",5.0
"Aug, 2022",4.0
"Nov, 2021",4.0
"Nov, 2021",5.0
"Nov, 2021",5.0
"Nov, 2021",5.0
"Nov, 2021",5.0
"Nov, 2021",5.0
"Nov, 2021",4.0
"Nov, 2021",5.0
"Nov, 2021",4.0
"Nov, 2021",5.0
"Nov, 2021",5.0
"Nov, 2021",5.0
"Nov, 2021",5.0
"Nov, 2021",4.0
"Nov, 2021",5.0
"Nov, 2021",5.0
"Nov, 2021",4.0
"Nov, 2021",5.0
"Nov, 2021",3.0
"Oct, 2021",5.0
"Nov, 2021",5.0
"Oct, 2021",5.0
"Nov, 2021",5.0
"Nov, 2021",5.0
"Oct, 2021",5.0
"Oct, 2021",5.0
"Nov, 2021",5.0
"Nov, 2021",5.0
"Nov, 2021",5.0
"Nov, 2021",5.0
"Nov, 2021",5.0
"Nov, 2021",5.0
"Nov, 2021",5.0
"Nov, 2021",5.0
"Nov, 2021",5.0
"Nov, 2021",5.0
"Nov, 2021",5.0
"Dec, 2021",5.0
"Dec, 2021",5.0
"Oct, 2021",5.0
"Nov, 2021",5.0
"Oct, 2021",5.0
"Nov, 2021",5.0
"Nov, 2021",5.0
"Aug, 2022",5.0
"Aug, 2022",5.0
"Dec, 2021",5.0
"Nov, 2021",5.0
"Nov, 2021",4.0
"Dec, 2021",4.0
"Oct, 2021",5.0
"Nov, 2021",4.0
"Oct, 2021",5.0
"Nov, 2021",5.0
"Dec, 2021",4.0
"Nov, 2021",5.0
"Nov, 2021",5.0
"Nov, 2021",5.0
"Nov, 2021",5.0
"Dec, 2021",4.0
"Nov, 2021",5.0
"Nov, 2021",5.0
"Oct, 2021",5.0
"Nov, 2021",5.0
"Nov, 2021",5.0
"Oct, 2021",4.0
"Dec, 2021",4.0
"Nov, 2021",5.0
"Nov, 2021",5.0
"Aug, 2022",5.0
"Nov, 2021",5.0
"Dec, 2021",5.0
"Nov, 2021",5.0
"Nov, 2021",5.0
"Nov, 2021",5.0
"Nov, 2021",5.0
"Nov, 2021",5.0
"Nov, 2021",5.0
"Oct, 2021",5.0
"Nov, 2021",5.0
"Dec, 2021",4.0
"Dec, 2021",5.0
"Nov, 2021",5.0
"Dec, 2021",5.0
"Nov, 2021",5.0
"Nov, 2021",5.0
"Nov, 2021",5.0
"Nov, 2021",5.0
"Nov, 2021",5.0
"Oct, 2021",5.0
"Nov, 2021",5.0
"Dec, 2021",5.0
"Nov, 2021",5.0
"Dec, 2021",5.0
"Nov, 2021",5.0
"Nov, 2021",1.0
"Nov, 2021",4.0
"Nov, 2021",5.0
"Nov, 2021",5.0
"Dec, 2021",1.0
"Nov, 2021",5.0
"Nov, 2021",4.0
"Nov, 2021",5.0
"Nov, 2021",5.0
"Nov, 2021",5.0
"Nov, 2021",5.0
"Oct, 2021",5.0
"Aug, 2022",5.0
"Nov, 2021",5.0
"Oct, 2021",5.0
"Dec, 2021",5.0
"Nov, 2021",5.0
"Nov, 2021",5.0
"Dec, 2021",4.0
"Oct, 2021",5.0
"Dec, 2021",5.0
"Nov, 2021",5.0
"Oct, 2021",5.0
"Nov, 2021",4.0
"Oct, 2021",5.0
"Nov, 2021",5.0
"Nov, 2021",5.0
"Nov, 2021",5.0
"Nov, 2021",5.0
"Nov, 2021",5.0
"Oct, 2021",5.0
"Nov, 2021",5.0
"Nov, 2021",5.0
"Dec, 2021",5.0
"Nov, 2021",5.0
"Nov, 2021",4.0
"Nov, 2021",5.0
"Nov, 2021",4.0
"Dec, 2021",4.0
"Nov, 2021",5.0
"Nov, 2021",5.0
"Oct, 2021",5.0
"Nov, 2021",4.0
"Nov, 2021",5.0
"Nov, 2021",5.0
"Nov, 2021",5.0
"Oct, 2021",5.0
"Nov, 2021",5.0
"Dec, 2021",5.0
"Nov, 2021",5.0
"Aug, 2022",5.0
"Dec, 2021",5.0
"Nov, 2021",5.0
"Nov, 2021",5.0
"Dec, 2021",4.0
"Oct, 2021",5.0
"Nov, 2021",5.0
"Nov, 2021",4.0
"Nov, 2021",5.0
"Nov, 2021",5.0
"Nov, 2021",5.0
"Oct, 2021",5.0
"Dec, 2021",5.0
"Nov, 2021",5.0
"Nov, 2021",4.0
"Nov, 2021",5.0
"Nov, 2021",5.0
"Dec, 2021",3.0
"Oct, 2021",5.0
"Nov, 2021",5.0
"Dec, 2021",5.0
"Oct, 2021",5.0
"Oct, 2021",5.0
"Nov, 2021",5.0
"Dec, 2021",5.0
"Dec, 2021",5.0
"Nov, 2021",5.0
"Nov, 2021",5.0
"Aug, 2022",5.0
"Nov, 2021",5.0
"Nov, 2021",4.0
"Dec, 2021",5.0
"Nov, 2021",5.0
"Dec, 2021",5.0
"Oct, 2021",5.0
"Nov, 2021",5.0
"Nov, 2021",5.0
"Nov, 2021",5.0
"Nov, 2021",5.0
"Nov, 2021",5.0
"Nov, 2021",5.0
"Nov, 2021",5.0
"Nov, 2021",5.0
"Nov, 2021",5.0
"Dec, 2021",5.0
"Oct, 2021",3.0
"Aug, 2022",5.0
"Nov, 2021",3.0
"Nov, 2021",5.0
"Aug, 2022",5.0
"Nov, 2021",5.0
"Nov, 2021",5.0
"Dec, 2021",3.0
"Nov, 2021",5.0
"Nov, 2021",5.0
"Dec, 2021",5.0
"Nov, 2021",4.0
"Nov, 2021",5.0
"Oct, 2021",5.0
"Nov, 2021",5.0
"Nov, 2021",5.0
"Nov, 2021",5.0
"Oct, 2021",5.0
"Oct, 2021",5.0
"Nov, 2021",5.0
"Aug, 2022",5.0
"Dec, 2021",5.0
"Nov, 2021",5.0
"Nov, 2021",5.0
"Oct, 2021",5.0
"Nov, 2021",5.0
"Nov, 2021",4.0
"Nov, 2021",5.0
"Nov, 2021",5.0
"Nov, 2021",5.0
"Nov, 2021",5.0
"Nov, 2021",5.0
"Nov, 2021",5.0
"Dec, 2021",5.0
"Nov, 2021",5.0
"Dec, 2021",4.0
"Nov, 2021",4.0
"Dec, 2021",5.0
"Oct, 2021",5.0
"Nov, 2021",5.0
"Dec, 2021",5.0
"Oct, 2021",5.0
"Dec, 2021",5.0
"Oct, 2021",5.0
"Nov, 2021",5.0
"Dec, 2021",5.0
"Nov, 2021",5.0
"Nov, 2021",4.0
"Dec, 2021",5.0
"Nov, 2021",5.0
"Oct, 2021",5.0
"Dec, 2021",5.0
"Oct, 2021",5.0
"Nov, 2021",5.0
"Nov, 2021",5.0
"Nov, 2021",4.0
"Dec, 2021",4.0
"Oct, 2021",5.0
"Nov, 2021",5.0
"Nov, 2021",5.0
"Nov, 2021",5.0
"Nov, 2021",4.0
"Nov, 2021",5.0
"Nov, 2021",5.0
"Nov, 2021",4.0
"Oct, 2021",5.0
"Oct, 2021",5.0
"Nov, 2021",5.0
"Nov, 2021",5.0
"Dec, 2021",4.0
"Oct, 2021",5.0
"Nov, 2021",5.0
"Nov, 2021",5.0
9 months ago,5.0
"Nov, 2021",4.0
"Nov, 2021",5.0
"Nov, 2021",5.0
"Dec, 2021",5.0
"Oct, 2021",5.0
"Nov, 2021",5.0
"Nov, 2021",1.0
"Nov, 2021",5.0
"Dec, 2021",5.0
"Nov, 2021",5.0
"Nov, 2021",5.0
"Nov, 2021",5.0
"Nov, 2021",1.0
"Nov, 2021",3.0
"Nov, 2021",4.0
"Nov, 2021",5.0
"Nov, 2021",2.0
"Oct, 2021",5.0
"Nov, 2021",5.0
"Nov, 2021",3.0
"Jul, 2022",5.0
"Oct, 2021",5.0
"Nov, 2021",4.0
"Nov, 2021",5.0
"Nov, 2021",5.0
"Oct, 2021",5.0
"Nov, 2021",5.0
"Oct, 2021",5.0
"Nov, 2021",5.0
"Oct, 2021",5.0
"Nov, 2021",5.0
"Oct, 2021",3.0
"Nov, 2021",4.0
"Nov, 2021",5.0
"Oct, 2021",5.0
"Nov, 2021",5.0
"Nov, 2021",5.0
"Nov, 2021",5.0
"Nov, 2021",5.0
"Nov, 2021",5.0
"Dec, 2021",5.0
"Nov, 2021",5.0
"Nov, 2021",5.0
"Oct, 2021",5.0
"Oct, 2021",4.0
"Nov, 2021",5.0
"Nov, 2021",5.0
"Nov, 2021",5.0
"Nov, 2021",5.0
"Nov, 2021",5.0
"Nov, 2021",5.0
"Nov, 2021",5.0
"Nov, 2021",4.0
"Nov, 2021",5.0
"Nov, 2021",5.0
"Jul, 2022",5.0
"Nov, 2021",5.0
"Oct, 2021",5.0
"Nov, 2021",4.0
"Nov, 2021",5.0
"Nov, 2021",5.0
"Dec, 2021",5.0
"Nov, 2021",5.0
"Nov, 2021",4.0
"Oct, 2021",4.0
"Nov, 2021",5.0
"Nov, 2021",5.0
"Nov, 2021",5.0
"Nov, 2021",5.0
"Dec, 2021",4.0
"Nov, 2021",5.0
"Nov, 2021",5.0
"Nov, 2021",5.0
"Nov, 2021",5.0
"Oct, 2021",5.0
"Nov, 2021",5.0
"Jul, 2022",5.0
"Nov, 2021",5.0
"Dec, 2021",3.0
"Nov, 2021",5.0
"Nov, 2021",5.0
"Oct, 2021",5.0
"Oct, 2021",5.0
"Jul, 2022",5.0
"Nov, 2021",5.0
"Dec, 2021",5.0
"Jul, 2022",5.0
"Nov, 2021",5.0
"Nov, 2021",5.0
"Nov, 2021",5.0
"Nov, 2021",5.0
"Dec, 2021",4.0
"Oct, 2021",5.0
"Dec, 2021",5.0
"Nov, 2021",5.0
"Dec, 2021",4.0
"Dec, 2021",5.0
"Oct, 2021",5.0
"Oct, 2021",5.0
"Oct, 2021",5.0
"Oct, 2021",5.0
"Dec, 2021",5.0
"Oct, 2021",4.0
"Oct, 2021",5.0
"Oct, 2021",5.0
"Oct, 2021",5.0
"Jul, 2022",5.0
"Nov, 2021",1.0
"Nov, 2021",5.0
"Oct, 2021",5.0
"Dec, 2021",4.0
"Nov, 2021",5.0
"Oct, 2021",5.0
"Nov, 2021",4.0
"Nov, 2021",5.0
"Oct, 2021",5.0
"Oct, 2021",5.0
"Dec, 2021",5.0
"Jul, 2022",5.0
"Nov, 2021",4.0
"Nov, 2021",5.0
"Oct, 2021",5.0
"Nov, 2021",4.0
"Oct, 2021",5.0
"Nov, 2021",4.0
"Oct, 2021",5.0
"Oct, 2021",5.0
"Nov, 2021",5.0
"Oct, 2021",5.0
"Oct, 2021",4.0
"Nov, 2021",5.0
"Oct, 2021",5.0
"Oct, 2021",4.0
"Nov, 2021",5.0
"Oct, 2021",5.0
"Oct, 2021",4.0
"Nov, 2021",5.0
"Nov, 2021",4.0
"Oct, 2021",5.0
"Nov, 2021",5.0
"Nov, 2021",5.0
"Nov, 2021",4.0
"Oct, 2021",5.0
"Nov, 2021",5.0
"Oct, 2021",5.0
"Nov, 2021",5.0
"Oct, 2021",5.0
"Nov, 2021",5.0
"Oct, 2021",5.0
"Nov, 2021",5.0
"Sep, 2021",5.0
"Nov, 2021",3.0
"Oct, 2021",5.0
"Oct, 2021",5.0
"Nov, 2021",5.0
"Oct, 2021",5.0
"Oct, 2021",5.0
"Nov, 2021",5.0
"Nov, 2021",5.0
"Oct, 2021",5.0
"Oct, 2021",5.0
"Nov, 2021",5.0
"Nov, 2021",4.0
"Oct, 2021",5.0
"Oct, 2021",5.0
"Oct, 2021",5.0
"Oct, 2021",5.0
"Oct, 2021",5.0
"Oct, 2021",5.0
"Oct, 2021",1.0
"Nov, 2021",4.0
"Jun, 2022",4.0
"Nov, 2021",5.0
"Oct, 2021",1.0
"Oct, 2021",4.0
"Nov, 2021",3.0
"Nov, 2021",1.0
"Nov, 2021",5.0
"Sep, 2021",5.0
"Oct, 2021",5.0
"Nov, 2021",5.0
"Oct, 2021",5.0
"Oct, 2021",5.0
"Oct, 2021",4.0
"Nov, 2021",5.0
"Oct, 2021",5.0
"Nov, 2021",4.0
"Oct, 2021",5.0
"Nov, 2021",5.0
"Sep, 2021",5.0
"Nov, 2021",4.0
"Sep, 2021",5.0
"Oct, 2021",5.0
"Nov, 2021",4.0
"Oct, 2021",5.0
"Nov, 2021",2.0
"Oct, 2021",5.0
"Oct, 2021",5.0
"Oct, 2021",5.0
"Oct, 2021",5.0
"Oct, 2021",5.0
"Nov, 2021",5.0
"Oct, 2021",5.0
"Nov, 2021",5.0
"Nov, 2021",5.0
"May, 2022",5.0
"Oct, 2021",5.0
"Oct, 2021",5.0
"Nov, 2021",5.0
"Nov, 2021",5.0
"Oct, 2021",5.0
"Oct, 2021",5.0
"Oct, 2021",5.0
"Oct, 2021",5.0
"Sep, 2021",5.0
"Oct, 2021",5.0
"Oct, 2021",5.0
"Nov, 2021",4.0
"Nov, 2021",5.0
"Nov, 2021",5.0
"Oct, 2021",5.0
"Oct, 2021",5.0
"May, 2022",5.0
"Oct, 2021",4.0
"Oct, 2021",5.0
"Oct, 2021",5.0
"Oct, 2021",5.0
"Nov, 2021",5.0
"Nov, 2021",5.0
"Oct, 2021",5.0
"Oct, 2021",5.0
"Oct, 2021",5.0
"Nov, 2021",5.0
"Oct, 2021",5.0
"Nov, 2021",5.0
"Nov, 2021",5.0
"Sep, 2021",5.0
"Oct, 2021",5.0
"Nov, 2021",4.0
"Oct, 2021",5.0
"Oct, 2021",5.0
"Nov, 2021",3.0
"Oct, 2021",5.0
"Oct, 2021",5.0
"Oct, 2021",5.0
"Nov, 2021",4.0
"Oct, 2021",3.0
"Oct, 2021",5.0
"Oct, 2021",5.0
"Nov, 2021",5.0
"Oct, 2021",5.0
"Oct, 2021",4.0
"Nov, 2021",5.0
"Nov, 2021",5.0
"Oct, 2021",5.0
"Oct, 2021",5.0
"Oct, 2021",5.0
"Oct, 2021",5.0
"Nov, 2021",5.0
"Nov, 2021",5.0
"Oct, 2021",5.0
"Oct, 2021",5.0
"Nov, 2021",5.0
"Oct, 2021",5.0
"Nov, 2021",4.0
"Oct, 2021",5.0
"Nov, 2021",3.0
"Oct, 2021",4.0
"Nov, 2021",5.0
"Oct, 2021",5.0
"Oct, 2021",5.0
"Oct, 2021",5.0
"Oct, 2021",5.0
"Oct, 2021",3.0
"Nov, 2021",5.0
"Oct, 2021",5.0
"Oct, 2021",5.0
"Nov, 2021",5.0
"Oct, 2021",5.0
"Nov, 2021",5.0
"Oct, 2021",5.0
"Oct, 2021",4.0
"Oct, 2021",5.0
"Nov, 2021",5.0
"Nov, 2021",5.0
"Oct, 2021",5.0
"Nov, 2021",2.0
"Nov, 2021",5.0
"Oct, 2021",5.0
"Nov, 2021",5.0
"Oct, 2021",4.0
"Nov, 2021",5.0
"Nov, 2021",5.0
"Nov, 2021",5.0
"Nov, 2021",5.0
"Nov, 2021",5.0
"Nov, 2021",4.0
"Nov, 2021",5.0
"Apr, 2022",2.0
"Oct, 2021",5.0
"Oct, 2021",5.0
"Oct, 2021",5.0
"Oct, 2021",1.0
"Oct, 2021",5.0
"Nov, 2021",4.0
"Nov, 2021",5.0
"Nov, 2021",5.0
"Oct, 2021",1.0
"Nov, 2021",5.0
"Oct, 2021",4.0
"Oct, 2021",3.0
"Oct, 2021",5.0
"Oct, 2021",4.0
"Oct, 2021",5.0
"Nov, 2021",5.0
"Nov, 2021",5.0
"Mar, 2022",5.0
"Nov, 2021",5.0
"Oct, 2021",5.0
"Oct, 2021",5.0
"Oct, 2021",5.0
"Nov, 2021",5.0
"Nov, 2021",3.0
"Sep, 2021",5.0
"Oct, 2021",5.0
"Oct, 2021",5.0
"Oct, 2021",5.0
"Oct, 2021",5.0
"Oct, 2021",5.0
"Oct, 2021",4.0
"Mar, 2022",5.0
"Oct, 2021",5.0
"Oct, 2021",5.0
"Oct, 2021",5.0
"Oct, 2021",5.0
"Oct, 2021",5.0
"Nov, 2021",5.0
"Oct, 2021",5.0
"Nov, 2021",5.0
"Oct, 2021",5.0
"Oct, 2021",5.0
"Oct, 2021",5.0
"Nov, 2021",5.0
"Nov, 2021",5.0
"Oct, 2021",3.0
"Nov, 2021",5.0
"Nov, 2021",5.0
"Nov, 2021",5.0
"Nov, 2021",5.0
"Oct, 2021",4.0
"Oct, 2021",4.0
"Nov, 2021",5.0
"Nov, 2021",5.0
"Oct, 2021",5.0
"Feb, 2022",5.0
"Nov, 2021",5.0
"Oct, 2021",5.0
"Nov, 2021",5.0
"Nov, 2021",5.0
"Oct, 2021",3.0
"Nov, 2021",5.0
"Oct, 2021",5.0
"Oct, 2021",5.0
"Oct, 2021",5.0
"Oct, 2021",4.0
"Oct, 2021",5.0
"Nov, 2021",5.0
"Nov, 2021",5.0
"Oct, 2021",5.0
"Oct, 2021",4.0
"Oct, 2021",5.0
"Nov, 2021",5.0
"Oct, 2021",5.0
"Oct, 2021",5.0
"Feb, 2022",5.0
"Nov, 2021",4.0
"Oct, 2021",5.0
"Oct, 2021",5.0
"Nov, 2021",4.0
"Oct, 2021",5.0
"Nov, 2021",5.0
"Nov, 2021",5.0
"Nov, 2021",5.0
"Oct, 2021",1.0
"Oct, 2021",5.0
"Sep, 2021",5.0
"Nov, 2021",5.0
"Nov, 2021",5.0
"Nov, 2021",5.0
"Nov, 2021",4.0
"Nov, 2021",5.0
"Oct, 2021",1.0
"Oct, 2021",5.0
"Oct, 2021",5.0
"Oct, 2021",5.0
"Oct, 2021",5.0
"Oct, 2021",5.0
"Oct, 2021",2.0
"Nov, 2021",5.0
"Oct, 2021",5.0
"Oct, 2021",5.0
"Oct, 2021",5.0
"Oct, 2021",1.0
"Nov, 2021",4.0
"Oct, 2021",5.0
"Feb, 2022",5.0
"Oct, 2021",5.0
"Sep, 2021",5.0
"Oct, 2021",5.0
"Oct, 2021",5.0
"Oct, 2021",5.0
"Oct, 2021",5.0
"Oct, 2021",5.0
"Oct, 2021",5.0
"Nov, 2021",4.0
"Oct, 2021",5.0
"Oct, 2021",5.0
"Nov, 2021",5.0
"Feb, 2022",5.0
"Oct, 2021",5.0
"Oct, 2021",5.0
"Oct, 2021",2.0
"Nov, 2021",5.0
"Oct, 2021",4.0
"Oct, 2021",5.0
"Oct, 2021",5.0
"Nov, 2021",5.0
"Oct, 2021",5.0
"Oct, 2021",5.0
"Oct, 2021",5.0
"Oct, 2021",5.0
"Oct, 2021",5.0
"Feb, 2022",5.0
"Oct, 2021",5.0
"Oct, 2021",4.0
"Oct, 2021",5.0
"Oct, 2021",5.0
"Oct, 2021",3.0
"Oct, 2021",5.0
"Oct, 2021",5.0
"Oct, 2021",5.0
"Nov, 2021",5.0
"Oct, 2021",5.0
"Oct, 2021",5.0
"Oct, 2021",5.0
"Nov, 2021",5.0
"Oct, 2021",4.0
"Oct, 2021",5.0
"Oct, 2021",5.0
"Feb, 2022",3.0
"Sep, 2021",5.0
"Oct, 2021",5.0
"Oct, 2021",5.0
"Oct, 2021",5.0
"Nov, 2021",5.0
11 months ago,5.0
"Oct, 2021",5.0
"Nov, 2021",5.0
"Oct, 2021",5.0
"Oct, 2021",5.0
"Oct, 2021",5.0
"Oct, 2021",5.0
"Nov, 2021",5.0
"Oct, 2021",5.0
"Oct, 2021",5.0
"Oct, 2021",5.0
"Oct, 2021",5.0
"Nov, 2021",5.0
"Feb, 2022",5.0
"Oct, 2021",5.0
"Oct, 2021",5.0
"Oct, 2021",5.0
"Oct, 2021",5.0
"Nov, 2021",4.0
"Oct, 2021",5.0
"Oct, 2021",5.0
"Oct, 2021",2.0
"Nov, 2021",5.0
"Oct, 2021",5.0
"Oct, 2021",4.0
"Oct, 2021",5.0
"Nov, 2021",5.0
"Oct, 2021",5.0
"Nov, 2021",4.0
"Nov, 2021",5.0
"Oct, 2021",5.0
"Nov, 2021",5.0
"Nov, 2021",5.0
"Nov, 2021",5.0
"Nov, 2021",5.0
"Oct, 2021",5.0
"Oct, 2021",5.0
"Oct, 2021",5.0
"Oct, 2021",5.0
"Oct, 2021",5.0
"Oct, 2021",3.0
"Oct, 2021",5.0
"Oct, 2021",5.0
"Oct, 2021",5.0
"Nov, 2021",5.0
"Oct, 2021",4.0
"Oct, 2021",5.0
"Nov, 2021",5.0
"Oct, 2021",5.0
"Oct, 2021",5.0
"Oct, 2021",5.0
"Oct, 2021",3.0
"Oct, 2021",4.0
"Oct, 2021",5.0
"Oct, 2021",5.0
"Oct, 2021",5.0
"Nov, 2021",5.0
"Oct, 2021",5.0
"Oct, 2021",5.0
"Oct, 2021",5.0
"Oct, 2021",4.0
"Oct, 2021",5.0
"Oct, 2021",5.0
"Oct, 2021",5.0
"Oct, 2021",5.0
"Oct, 2021",5.0
"Oct, 2021",5.0
"Oct, 2021",5.0
"Nov, 2021",5.0
"Oct, 2021",5.0
"Oct, 2021",5.0
"Nov, 2021",5.0
"Oct, 2021",5.0
"Oct, 2021",5.0
"Oct, 2021",5.0
"Oct, 2021",5.0
"Oct, 2021",5.0
"Oct, 2021",5.0
"Nov, 2021",5.0
"Oct, 2021",5.0
"Oct, 2021",5.0
"Oct, 2021",5.0
"Oct, 2021",5.0
"Oct, 2021",5.0
"Oct, 2021",5.0
"Oct, 2021",5.0
"Oct, 2021",5.0
"Oct, 2021",5.0
"Oct, 2021",5.0
"Nov, 2021",4.0
"Oct, 2021",1.0
"Oct, 2021",5.0
"Oct, 2021",5.0
"Oct, 2021",5.0
"Oct, 2021",5.0
"Oct, 2021",5.0
"Nov, 2021",5.0
"Oct, 2021",4.0
"Nov, 2021",5.0
"Oct, 2021",5.0
"Oct, 2021",5.0
"Oct, 2021",5.0
"Nov, 2021",5.0
"Oct, 2021",5.0
"Oct, 2021",5.0
"Nov, 2021",5.0
"Oct, 2021",5.0
"Oct, 2021",5.0
"Oct, 2021",5.0
"Oct, 2021",1.0
"Oct, 2021",5.0
"Oct, 2021",5.0
"Oct, 2021",5.0
"Oct, 2021",5.0
"Sep, 2021",4.0
"Oct, 2021",5.0
"Nov, 2021",5.0
"Sep, 2021",5.0
"Oct, 2021",5.0
"Oct, 2021",5.0
"Nov, 2021",5.0
"Oct, 2021",1.0
"Nov, 2021",5.0
"Sep, 2021",5.0
"Oct, 2021",5.0
"Oct, 2021",5.0
"Oct, 2021",5.0
"Oct, 2021",5.0
"Oct, 2021",5.0
"Oct, 2021",5.0
"Oct, 2021",5.0
"Oct, 2021",5.0
"Oct, 2021",5.0
"Nov, 2021",5.0
"Oct, 2021",5.0
"Nov, 2021",5.0
"Oct, 2021",5.0
"Nov, 2021",5.0
"Nov, 2021",5.0
"Jan, 2022",5.0
"Oct, 2021",5.0
"Oct, 2021",5.0
"Oct, 2021",5.0
"Oct, 2021",5.0
"Oct, 2021",5.0
"Oct, 2021",5.0
"Oct, 2021",5.0
"Nov, 2021",4.0
"Nov, 2021",5.0
"Oct, 2021",5.0
"Oct, 2021",5.0
"Oct, 2021",5.0
"Oct, 2021",5.0
"Oct, 2021",5.0
"Oct, 2021",5.0
"Nov, 2021",4.0
"Jan, 2022",5.0
"Sep, 2021",3.0
"Oct, 2021",5.0
"Oct, 2021",5.0
"Oct, 2021",5.0
"Oct, 2021",5.0
"Oct, 2021",5.0
"Oct, 2021",4.0
"Oct, 2021",5.0
"Oct, 2021",4.0
"Oct, 2021",5.0
"Nov, 2021",5.0
"Oct, 2021",5.0
"Oct, 2021",5.0
"Oct, 2021",3.0
"Oct, 2021",5.0
"Oct, 2021",5.0
"Oct, 2021",5.0
"Oct, 2021",3.0
"Oct, 2021",5.0
"Oct, 2021",5.0
"Oct, 2021",4.0
"Oct, 2021",2.0
"Oct, 2021",5.0
"Oct, 2021",5.0
"Oct, 2021",5.0
"Oct, 2021",5.0
"Nov, 2021",5.0
"Oct, 2021",5.0
"Nov, 2021",5.0
"Nov, 2021",5.0
"Oct, 2021",5.0
"Oct, 2021",5.0
"Oct, 2021",4.0
"Nov, 2021",5.0
"Nov, 2021",4.0
"Oct, 2021",5.0
"Jan, 2022",5.0
"Oct, 2021",5.0
"Oct, 2021",5.0
"Oct, 2021",5.0
"Oct, 2021",5.0
"Oct, 2021",4.0
"Oct, 2021",5.0
"Oct, 2021",5.0
"Nov, 2021",5.0
"Oct, 2021",5.0
"Oct, 2021",5.0
"Oct, 2021",5.0
"Nov, 2021",5.0
"Oct, 2021",4.0
"Oct, 2021",3.0
"Oct, 2021",5.0
"Oct, 2021",5.0
"Oct, 2021",5.0
"Aug, 2021",5.0
"Oct, 2021",5.0
"Nov, 2021",5.0
"Oct, 2021",5.0
"Oct, 2021",5.0
"Oct, 2021",5.0
"Oct, 2021",5.0
"Oct, 2021",5.0
"Oct, 2021",4.0
"Oct, 2021",5.0
"Oct, 2021",4.0
"Oct, 2021",5.0
"Oct, 2021",5.0
"Oct, 2021",5.0
"Oct, 2021",5.0
"Oct, 2021",5.0
"Oct, 2021",5.0
"Oct, 2021",5.0
"Oct, 2021",5.0
"Oct, 2021",5.0
"Nov, 2021",5.0
"Nov, 2021",5.0
"Oct, 2021",4.0
"Oct, 2021",4.0
"Oct, 2021",5.0
"Nov, 2021",5.0
"Oct, 2021",5.0
"Oct, 2021",2.0
"Nov, 2021",5.0
"Oct, 2021",5.0
"Oct, 2021",4.0
"Oct, 2021",5.0
"Oct, 2021",4.0
"Oct, 2021",5.0
"Oct, 2021",5.0
"Oct, 2021",3.0
"Nov, 2021",5.0
"Oct, 2021",5.0
"Oct, 2021",5.0
"Aug, 2022",5.0
"Oct, 2021",4.0
"Oct, 2021",5.0
"Oct, 2021",5.0
"Oct, 2021",5.0
"Oct, 2021",5.0
"Oct, 2021",5.0
"Nov, 2021",5.0
"Oct, 2021",4.0
"Oct, 2021",5.0
"Oct, 2021",4.0
"Oct, 2021",5.0
"Oct, 2021",5.0
"Oct, 2021",5.0
"Oct, 2021",5.0
"Oct, 2021",5.0
"Aug, 2021",5.0
"Oct, 2021",5.0
"Oct, 2021",4.0
"Nov, 2021",4.0
"Oct, 2021",5.0
"Nov, 2021",5.0
"Oct, 2021",5.0
"Oct, 2021",5.0
"Oct, 2021",5.0
"Oct, 2021",5.0
"Nov, 2021",5.0
"Oct, 2021",5.0
"Oct, 2021",5.0
"Oct, 2021",4.0
"Oct, 2021",5.0
"Oct, 2021",5.0
"Nov, 2021",5.0
"Nov, 2021",5.0
"Oct, 2021",5.0
"Oct, 2021",4.0
"Nov, 2021",4.0
"Dec, 2021",4.0
"Nov, 2021",5.0
"Oct, 2021",5.0
"Oct, 2021",5.0
"Oct, 2021",5.0
"Oct, 2021",5.0
"Oct, 2021",5.0
"Nov, 2021",5.0
"Oct, 2021",5.0
"Oct, 2021",3.0
"Oct, 2021",5.0
"Oct, 2021",2.0
"Nov, 2021",4.0
"Oct, 2021",5.0
"Oct, 2021",5.0
"Oct, 2021",5.0
"Oct, 2021",5.0
"Oct, 2021",5.0
"Oct, 2021",5.0
"Oct, 2021",5.0
"Oct, 2021",4.0
"Oct, 2021",5.0
"Oct, 2021",5.0
"Oct, 2021",5.0
"Nov, 2021",5.0
"Oct, 2021",5.0
"Oct, 2021",5.0
"Dec, 2021",5.0
"Oct, 2021",5.0
"Oct, 2021",5.0
"Oct, 2021",5.0
"Nov, 2021",4.0
"Oct, 2021",4.0
"Oct, 2021",5.0
"Oct, 2021",5.0
"Oct, 2021",3.0
"Oct, 2021",4.0
"Oct, 2021",5.0
"Oct, 2021",5.0
"Aug, 2022",5.0
"Oct, 2021",5.0
"Oct, 2021",5.0
"Dec, 2021",5.0
"Oct, 2021",5.0
"Oct, 2021",5.0
"Nov, 2021",5.0
"Oct, 2021",5.0
"Oct, 2021",5.0
"Oct, 2021",5.0
"Oct, 2021",5.0
"Nov, 2021",5.0
"Nov, 2021",4.0
"Oct, 2021",5.0
"Nov, 2021",5.0
"Nov, 2021",4.0
"Oct, 2021",5.0
"Oct, 2021",5.0
"Aug, 2021",5.0
"Nov, 2021",5.0
"Dec, 2021",5.0
"Oct, 2021",5.0
"Oct, 2021",5.0
"Oct, 2021",5.0
"Nov, 2021",4.0
"Oct, 2021",5.0
"Dec, 2021",5.0
"Oct, 2021",5.0
"Oct, 2021",5.0
"Oct, 2021",5.0
"Oct, 2021",5.0
"Oct, 2021",4.0
"Oct, 2021",5.0
"Oct, 2021",5.0
"Oct, 2021",5.0
"Oct, 2021",5.0
"Oct, 2021",5.0
"Dec, 2021",5.0
"Oct, 2021",1.0
"Oct, 2021",3.0
"Nov, 2021",5.0
"Oct, 2021",5.0
"Oct, 2021",4.0
"Oct, 2021",5.0
"Oct, 2021",5.0
"Oct, 2021",5.0
"Nov, 2021",5.0
"Nov, 2021",5.0
"Oct, 2021",5.0
"Oct, 2021",4.0
"Nov, 2021",5.0
"Oct, 2021",5.0
"Nov, 2021",5.0
"Oct, 2021",4.0
"Oct, 2021",5.0
"Oct, 2021",5.0
"Oct, 2021",5.0
"Oct, 2021",5.0
"Oct, 2021",5.0
"Oct, 2021",5.0
"Oct, 2021",5.0
"Nov, 2021",4.0
"Oct, 2021",5.0
"Oct, 2021",5.0
"Oct, 2021",1.0
"Dec, 2021",5.0
"Dec, 2021",4.0
"Oct, 2021",5.0
"Nov, 2021",5.0
"Dec, 2021",5.0
"Oct, 2021",5.0
"Oct, 2021",5.0
"Nov, 2021",5.0
"Oct, 2021",5.0
"Oct, 2021",5.0
"Oct, 2021",5.0
"Oct, 2021",5.0
"Oct, 2021",5.0
"Oct, 2021",5.0
"Oct, 2021",5.0
"Oct, 2021",5.0
"Oct, 2021",5.0
"Nov, 2021",5.0
"Oct, 2021",1.0
"Oct, 2021",5.0
"Oct, 2021",4.0
"Nov, 2021",1.0
"Nov, 2021",5.0
"Oct, 2021",5.0
"Oct, 2021",5.0
"Oct, 2021",5.0
"Oct, 2021",5.0
"Oct, 2021",5.0
"Oct, 2021",5.0
"Oct, 2021",5.0
"Oct, 2021",5.0
"Oct, 2021",5.0
"Oct, 2021",5.0
"Oct, 2021",5.0
"Nov, 2021",5.0
"Oct, 2021",5.0
"Oct, 2021",5.0
"Oct, 2021",5.0
"Oct, 2021",5.0
"Oct, 2021",5.0
"Nov, 2021",5.0
"Oct, 2021",5.0
"Oct, 2021",5.0
"Oct, 2021",5.0
"Oct, 2021",5.0
"Nov, 2021",4.0
"Oct, 2021",5.0
"Oct, 2021",5.0
"Oct, 2021",5.0
"Nov, 2021",5.0
"Oct, 2021",5.0
"Oct, 2021",5.0
"Oct, 2021",5.0
"Oct, 2021",5.0
"Oct, 2021",5.0
"Oct, 2021",5.0
"Oct, 2021",5.0
"Oct, 2021",1.0
"Oct, 2021",5.0
"Oct, 2021",5.0
"Oct, 2021",5.0
"Dec, 2021",5.0
"Oct, 2021",5.0
"Nov, 2021",5.0
"Oct, 2021",5.0
"Oct, 2021",4.0
"Oct, 2021",4.0
"Oct, 2021",5.0
"Nov, 2021",5.0
"Oct, 2021",5.0
"Oct, 2021",5.0
"Oct, 2021",5.0
"Oct, 2021",5.0
"Nov, 2021",5.0
"Oct, 2021",5.0
"Oct, 2021",5.0
"Oct, 2021",5.0
"Oct, 2021",5.0
"Oct, 2021",5.0
"Oct, 2021",3.0
"Oct, 2021",5.0
"Oct, 2021",4.0
"Oct, 2021",5.0
"Oct, 2021",5.0
"Oct, 2021",3.0
"Oct, 2021",5.0
"Oct, 2021",5.0
"Oct, 2021",5.0
"Sep, 2021",2.0
"Oct, 2021",5.0
"Oct, 2021",4.0
"Oct, 2021",5.0
"Oct, 2021",5.0
"Oct, 2021",5.0
"Oct, 2021",4.0
"Oct, 2021",4.0
"Oct, 2021",5.0
"Oct, 2021",5.0
"Oct, 2021",3.0
"Oct, 2021",5.0
"Oct, 2021",5.0
"Oct, 2021",5.0
"Oct, 2021",4.0
"Sep, 2021",1.0
"Oct, 2021",5.0
"Oct, 2021",5.0
"Oct, 2021",4.0
"Oct, 2021",5.0
"Oct, 2021",5.0
"Oct, 2021",5.0
"Oct, 2021",5.0
"Nov, 2021",5.0
"Aug, 2021",5.0
"Nov, 2021",5.0
"Oct, 2021",5.0
"Oct, 2021",5.0
"Oct, 2021",5.0
"Oct, 2021",5.0
"Oct, 2021",5.0
"Oct, 2021",5.0
"Oct, 2021",5.0
"Oct, 2021",5.0
"Oct, 2021",4.0
"Oct, 2021",5.0
"Oct, 2021",4.0
"Oct, 2021",4.0
"Oct, 2021",5.0
"Oct, 2021",5.0
"Oct, 2021",5.0
"Oct, 2021",5.0
"Oct, 2021",4.0
"Oct, 2021",5.0
"Oct, 2021",4.0
"Oct, 2021",5.0
"Oct, 2021",5.0
"Oct, 2021",5.0
"Oct, 2021",4.0
"Oct, 2021",5.0
"Oct, 2021",4.0
"Oct, 2021",5.0
"Oct, 2021",5.0
"Oct, 2021",5.0
"Oct, 2021",5.0
"Oct, 2021",5.0
"Oct, 2021",5.0
"Oct, 2021",4.0
"Oct, 2021",5.0
"Oct, 2021",5.0
"Oct, 2021",5.0
"Oct, 2021",5.0
"Oct, 2021",5.0
"Oct, 2021",5.0
"Oct, 2021",3.0
"Oct, 2021",2.0
"Oct, 2021",5.0
"Oct, 2021",5.0
"Nov, 2021",4.0
"Oct, 2021",5.0
"Oct, 2021",5.0
"Oct, 2021",5.0
"Oct, 2021",5.0
"Oct, 2021",5.0
"Oct, 2021",5.0
"Oct, 2021",5.0
"Oct, 2021",5.0
"Oct, 2021",5.0
"Oct, 2021",4.0
"Oct, 2021",4.0
"Oct, 2021",5.0
"Oct, 2021",5.0
"Oct, 2021",5.0
"Oct, 2021",4.0
"Oct, 2021",5.0
"Oct, 2021",5.0
"Oct, 2021",5.0
"Oct, 2021",5.0
"Oct, 2021",5.0
"Oct, 2021",5.0
"Oct, 2021",5.0
"Oct, 2021",5.0
"Oct, 2021",5.0
"Oct, 2021",4.0
"Oct, 2021",5.0
"Oct, 2021",5.0
"Oct, 2021",5.0
"Oct, 2021",1.0
"Oct, 2021",5.0
"Oct, 2021",5.0
"Oct, 2021",5.0
"Oct, 2021",5.0
"Oct, 2021",5.0
"Oct, 2021",5.0
"Nov, 2021",5.0
"Oct, 2021",4.0
"Oct, 2021",5.0
"Oct, 2021",5.0
"Oct, 2021",5.0
"Oct, 2021",5.0
"Oct, 2021",5.0
"Oct, 2021",5.0
"Oct, 2021",5.0
"Oct, 2021",5.0
"Oct, 2021",4.0
"Nov, 2021",5.0
"Oct, 2021",5.0
"Oct, 2021",5.0
"Sep, 2021",5.0
"Oct, 2021",5.0
"Oct, 2021",4.0
"Oct, 2021",5.0
"Oct, 2021",5.0
"Nov, 2021",4.0
"Oct, 2021",5.0
"Oct, 2021",5.0
"Aug, 2022",5.0
"Oct, 2021",5.0
"Oct, 2021",5.0
"Oct, 2021",5.0
"Oct, 2021",4.0
"Oct, 2021",5.0
"Oct, 2021",4.0
"Oct, 2021",5.0
"Oct, 2021",5.0
"Oct, 2021",5.0
"Oct, 2021",5.0
"Oct, 2021",5.0
"Oct, 2021",2.0
"Oct, 2021",5.0
"Oct, 2021",5.0
"Oct, 2021",5.0
"Oct, 2021",5.0
"Oct, 2021",5.0
"Oct, 2021",5.0
"Oct, 2021",4.0
"Oct, 2021",4.0
"Oct, 2021",5.0
"Oct, 2021",5.0
"Oct, 2021",4.0
"Oct, 2021",5.0
"Oct, 2021",5.0
"Oct, 2021",4.0
"Oct, 2021",5.0
"Oct, 2021",5.0
"Oct, 2021",5.0
"Oct, 2021",5.0
"Oct, 2021",5.0
"Nov, 2021",5.0
"Oct, 2021",5.0
"Oct, 2021",5.0
"Oct, 2021",1.0
"Oct, 2021",5.0
"Oct, 2021",4.0
"Oct, 2021",5.0
"Oct, 2021",4.0
"Oct, 2021",5.0
"Aug, 2022",5.0
"Oct, 2021",5.0
"Oct, 2021",5.0
"Oct, 2021",4.0
"Oct, 2021",5.0
"Oct, 2021",5.0
"Oct, 2021",3.0
"Oct, 2021",5.0
"Oct, 2021",5.0
"Oct, 2021",5.0
"Oct, 2021",5.0
"Oct, 2021",5.0
"Oct, 2021",5.0
"Oct, 2021",5.0
"Oct, 2021",5.0
"Oct, 2021",5.0
"Oct, 2021",5.0
"Oct, 2021",5.0
"Oct, 2021",5.0
"Oct, 2021",5.0
"Oct, 2021",5.0
"Oct, 2021",5.0
"Oct, 2021",5.0
"Oct, 2021",5.0
"Oct, 2021",5.0
"Oct, 2021",5.0
"Oct, 2021",5.0
"Oct, 2021",5.0
"Oct, 2021",5.0
"Oct, 2021",5.0
"Oct, 2021",5.0
"Oct, 2021",5.0
"Oct, 2021",5.0
"Oct, 2021",5.0
"Oct, 2021",2.0
"Sep, 2021",5.0
"Oct, 2021",5.0
"Oct, 2021",4.0
"Oct, 2021",5.0
"Oct, 2021",5.0
"Oct, 2021",5.0
"Oct, 2021",5.0
"Nov, 2021",5.0
"Oct, 2021",3.0
"Oct, 2021",5.0
"Oct, 2021",5.0
"Oct, 2021",5.0
"Oct, 2021",5.0
"Oct, 2021",5.0
"Oct, 2021",4.0
"Oct, 2021",5.0
"Oct, 2021",5.0
"Oct, 2021",5.0
"Oct, 2021",5.0
"Oct, 2021",5.0
"Oct, 2021",5.0
"Oct, 2021",5.0
"Oct, 2021",5.0
"Oct, 2021",5.0
"Oct, 2021",5.0
"Oct, 2021",5.0
"Oct, 2021",5.0
"Oct, 2021",5.0
"Oct, 2021",5.0
"Oct, 2021",5.0
"Oct, 2021",5.0
"Oct, 2021",5.0
"Oct, 2021",5.0
"Oct, 2021",4.0
"Oct, 2021",5.0
"Oct, 2021",4.0
"Oct, 2021",5.0
"Oct, 2021",5.0
"Oct, 2021",5.0
"Oct, 2021",5.0
"Oct, 2021",5.0
"Sep, 2021",1.0
"Oct, 2021",4.0
"Oct, 2021",5.0
"Oct, 2021",5.0
"Oct, 2021",5.0
"Oct, 2021",4.0
"Oct, 2021",5.0
"Oct, 2021",4.0
"Oct, 2021",5.0
"Oct, 2021",5.0
"Oct, 2021",5.0
"Oct, 2021",5.0
"Oct, 2021",5.0
"Oct, 2021",4.0
"Oct, 2021",5.0
"Oct, 2021",5.0
"Oct, 2021",5.0
"Oct, 2021",4.0
"Oct, 2021",5.0
"Oct, 2021",5.0
"Oct, 2021",5.0
"Oct, 2021",5.0
"Oct, 2021",5.0
"Oct, 2021",5.0
"Oct, 2021",5.0
"Oct, 2021",5.0
"Oct, 2021",5.0
"Oct, 2021",5.0
"Oct, 2021",5.0
"Oct, 2021",5.0
"Nov, 2021",5.0
"Oct, 2021",5.0
"Oct, 2021",5.0
"Oct, 2021",5.0
"Oct, 2021",5.0
"Oct, 2021",5.0
"Oct, 2021",5.0
"Oct, 2021",5.0
"Sep, 2021",1.0
"Oct, 2021",4.0
"Oct, 2021",4.0
"Oct, 2021",5.0
"Oct, 2021",5.0
"Oct, 2021",5.0
"Oct, 2021",5.0
"Oct, 2021",5.0
"Oct, 2021",5.0
"Oct, 2021",5.0
"Oct, 2021",5.0
"Oct, 2021",5.0
"Oct, 2021",4.0
"Sep, 2021",4.0
"Oct, 2021",4.0
"Oct, 2021",4.0
"Oct, 2021",4.0
"Oct, 2021",5.0
"Oct, 2021",5.0
"Oct, 2021",5.0
"Oct, 2021",5.0
"Oct, 2021",5.0
"Oct, 2021",5.0
"Oct, 2021",5.0
"Oct, 2021",5.0
"Oct, 2021",5.0
2 months ago,4.0
2 months ago,5.0
"Oct, 2021",5.0
"Oct, 2021",5.0
"Oct, 2021",5.0
"Oct, 2021",5.0
"Oct, 2021",4.0
3 months ago,5.0
"Oct, 2021",5.0
"Oct, 2021",5.0
"Oct, 2021",5.0
"Oct, 2021",4.0
"Oct, 2021",5.0
"Oct, 2021",5.0
"Oct, 2021",5.0
"Oct, 2021",5.0
"Oct, 2021",3.0
"Oct, 2021",5.0
4 months ago,5.0
5 months ago,5.0
"Oct, 2021",5.0
"Oct, 2021",5.0
"Oct, 2021",5.0
"Oct, 2021",5.0
"Nov, 2021",4.0
"Oct, 2021",3.0
"Oct, 2021",1.0
"Oct, 2021",3.0
"Oct, 2021",5.0
"Oct, 2021",5.0
"Oct, 2021",5.0
"Oct, 2021",5.0
"Oct, 2021",5.0
"Oct, 2021",5.0
"Oct, 2021",5.0
"Oct, 2021",5.0
"Oct, 2021",4.0
6 months ago,4.0
"Oct, 2021",5.0
"Oct, 2021",5.0
"Oct, 2021",1.0
"Oct, 2021",5.0
"Oct, 2021",5.0
"Oct, 2021",5.0
"Oct, 2021",5.0
"Oct, 2021",5.0
"Oct, 2021",5.0
"Oct, 2021",3.0
"Oct, 2021",5.0
"Oct, 2021",4.0
"Oct, 2021",5.0
"Oct, 2021",5.0
"Oct, 2021",5.0
"Oct, 2021",5.0
"Oct, 2021",5.0
"Oct, 2021",5.0
"Oct, 2021",4.0
7 months ago,5.0
"Oct, 2021",5.0
"Oct, 2021",5.0
"Oct, 2021",5.0
7 months ago,5.0
"Oct, 2021",5.0
"Oct, 2021",5.0
"Oct, 2021",5.0
"Oct, 2021",4.0
"Oct, 2021",5.0
"Oct, 2021",4.0
"Oct, 2021",5.0
"Oct, 2021",5.0
"Oct, 2021",5.0
"Oct, 2021",5.0
"Oct, 2021",5.0
"Oct, 2021",5.0
"Oct, 2021",4.0
"Oct, 2021",5.0
"Oct, 2021",5.0
"Oct, 2021",5.0
"Oct, 2021",5.0
"Oct, 2021",5.0
"Oct, 2021",5.0
"Oct, 2021",5.0
"Oct, 2021",3.0
"Aug, 2021",4.0
"Oct, 2021",5.0
"Oct, 2021",5.0
"Oct, 2021",5.0
"Oct, 2021",4.0
"Oct, 2021",5.0
"Oct, 2021",5.0
"Oct, 2021",5.0
"Oct, 2021",5.0
"Oct, 2021",5.0
"Oct, 2021",5.0
"Oct, 2021",4.0
"Oct, 2021",5.0
"Oct, 2021",5.0
"Aug, 2022",5.0
"Oct, 2021",5.0
"Oct, 2021",5.0
"Oct, 2021",5.0
"Nov, 2021",5.0
"Oct, 2021",5.0
"Oct, 2021",5.0
"Nov, 2021",5.0
"Oct, 2021",5.0
"Oct, 2021",5.0
"Oct, 2021",3.0
"Oct, 2021",5.0
"Oct, 2021",5.0
"Oct, 2021",5.0
"Oct, 2021",5.0
8 months ago,5.0
8 months ago,5.0
8 months ago,5.0
"Oct, 2021",5.0
"Sep, 2021",5.0
"Oct, 2021",5.0
"Nov, 2021",5.0
"Oct, 2021",3.0
9 months ago,5.0
"Oct, 2021",5.0
"Oct, 2021",5.0
"Oct, 2021",3.0
"Oct, 2021",5.0
"Oct, 2021",3.0
"Oct, 2021",5.0
"Oct, 2021",5.0
"Oct, 2021",5.0
"Oct, 2021",5.0
"Oct, 2021",5.0
"Oct, 2021",5.0
"Oct, 2021",5.0
"Oct, 2021",5.0
"Oct, 2021",5.0
"Oct, 2021",5.0
"Oct, 2021",4.0
"Oct, 2021",5.0
"Oct, 2021",5.0
"Oct, 2021",5.0
"Oct, 2021",5.0
"Oct, 2021",5.0
"Oct, 2021",5.0
"Oct, 2021",5.0
"Oct, 2021",2.0
10 months ago,5.0
"Oct, 2021",5.0
"Oct, 2021",5.0
"Oct, 2021",5.0
"Oct, 2021",5.0
"Oct, 2021",5.0
"Oct, 2021",5.0
"Oct, 2021",5.0
"Oct, 2021",5.0
"Oct, 2021",5.0
"Oct, 2021",5.0
"Oct, 2021",5.0
"Oct, 2021",5.0
11 months ago,5.0
"Oct, 2021",3.0
"Oct, 2021",5.0
"Oct, 2021",5.0
"Oct, 2021",5.0
"Nov, 2021",5.0
"Oct, 2021",5.0
"Oct, 2021",5.0
"Oct, 2021",5.0
"Oct, 2021",3.0
"Oct, 2021",3.0
"Oct, 2021",4.0
"Oct, 2021",5.0
"Oct, 2021",5.0
"Oct, 2021",5.0
"Oct, 2021",5.0
"Oct, 2021",5.0
"Nov, 2021",3.0
"Oct, 2021",5.0
"Sep, 2021",5.0
"Oct, 2021",5.0
"Oct, 2021",5.0
"Oct, 2021",5.0
"Oct, 2021",5.0
"Oct, 2021",5.0
"Oct, 2021",5.0
"Oct, 2021",5.0
"Oct, 2021",5.0
"Oct, 2021",5.0
"Oct, 2021",4.0
"Oct, 2021",5.0
"Oct, 2021",5.0
"Oct, 2021",5.0
"Oct, 2021",5.0
"Oct, 2021",5.0
"Sep, 2021",5.0
"Oct, 2021",4.0
"Oct, 2021",5.0
"Oct, 2021",4.0
"Oct, 2021",5.0
"Oct, 2021",5.0
"Oct, 2021",5.0
"Aug, 2022",5.0
"Oct, 2021",5.0
"Oct, 2021",5.0
"Oct, 2021",5.0
"Oct, 2021",5.0
"Oct, 2021",5.0
"Oct, 2021",5.0
"Oct, 2021",5.0
"Oct, 2021",5.0
"Oct, 2021",5.0
"Oct, 2021",5.0
"Oct, 2021",5.0
"Oct, 2021",5.0
"Nov, 2021",5.0
"Oct, 2021",5.0
"Oct, 2021",5.0
"Oct, 2021",5.0
"Nov, 2021",5.0
"Aug, 2022",5.0
"Oct, 2021",5.0
"Oct, 2021",5.0
"Oct, 2021",4.0
"Oct, 2021",5.0
"Oct, 2021",4.0
"Oct, 2021",5.0
"Oct, 2021",5.0
"Oct, 2021",5.0
"Oct, 2021",5.0
"Oct, 2021",5.0
"Oct, 2021",5.0
"Oct, 2021",5.0
"Oct, 2021",3.0
"Nov, 2021",1.0
"Oct, 2021",5.0
"Oct, 2021",5.0
"Oct, 2021",5.0
"Oct, 2021",5.0
"Oct, 2021",3.0
"Oct, 2021",5.0
"Oct, 2021",5.0
"Oct, 2021",5.0
"Oct, 2021",4.0
"Oct, 2021",4.0
"Oct, 2021",5.0
"Oct, 2021",5.0
"Oct, 2021",5.0
"Oct, 2021",5.0
"Oct, 2021",3.0
"Oct, 2021",5.0
"Oct, 2021",5.0
"Oct, 2021",5.0
"Aug, 2022",5.0
"Oct, 2021",5.0
"Oct, 2021",5.0
"Oct, 2021",5.0
"Oct, 2021",5.0
"Oct, 2021",5.0
"Aug, 2022",5.0
"Oct, 2021",5.0
"Oct, 2021",5.0
"Oct, 2021",5.0
"Oct, 2021",5.0
"Nov, 2021",5.0
"Oct, 2021",5.0
"Oct, 2021",5.0
"Oct, 2021",5.0
"Oct, 2021",5.0
"Oct, 2021",5.0
"Oct, 2021",4.0
"Oct, 2021",5.0
"Oct, 2021",5.0
"Oct, 2021",5.0
"Oct, 2021",5.0
"Oct, 2021",4.0
"Oct, 2021",5.0
"Oct, 2021",5.0
"Oct, 2021",5.0
"Oct, 2021",5.0
"Oct, 2021",5.0
"Oct, 2021",5.0
"Oct, 2021",5.0
"Oct, 2021",5.0
"Oct, 2021",5.0
"Oct, 2021",5.0
"Oct, 2021",5.0
"Oct, 2021",4.0
"Oct, 2021",5.0
"Oct, 2021",5.0
"Oct, 2021",5.0
"Oct, 2021",5.0
"Oct, 2021",5.0
"Oct, 2021",5.0
"Oct, 2021",5.0
"Oct, 2021",5.0
"Jul, 2022",5.0
"Oct, 2021",5.0
"Oct, 2021",5.0
"Oct, 2021",5.0
"Oct, 2021",4.0
"Oct, 2021",5.0
"Oct, 2021",5.0
"Oct, 2021",5.0
"Oct, 2021",5.0
"Aug, 2021",5.0
"Oct, 2021",4.0
"Oct, 2021",5.0
"Oct, 2021",5.0
"Oct, 2021",5.0
"Oct, 2021",5.0
"Oct, 2021",5.0
"Oct, 2021",5.0
"Oct, 2021",5.0
"Jul, 2022",5.0
"Oct, 2021",4.0
"Oct, 2021",5.0
"Oct, 2021",5.0
"Oct, 2021",5.0
"Oct, 2021",5.0
"Oct, 2021",5.0
"Oct, 2021",5.0
"Oct, 2021",5.0
"Oct, 2021",5.0
"Oct, 2021",5.0
"Oct, 2021",5.0
"Oct, 2021",3.0
"Oct, 2021",5.0
"Jul, 2022",1.0
"Aug, 2021",4.0
"Oct, 2021",5.0
"Oct, 2021",5.0
"Oct, 2021",5.0
"Oct, 2021",4.0
"Oct, 2021",5.0
"Oct, 2021",4.0
"Oct, 2021",5.0
"Oct, 2021",5.0
"Oct, 2021",5.0
"Jul, 2022",5.0
"Oct, 2021",4.0
"Oct, 2021",5.0
"Oct, 2021",5.0
"Oct, 2021",4.0
"Oct, 2021",5.0
"Oct, 2021",5.0
"Oct, 2021",5.0
"Oct, 2021",5.0
"Oct, 2021",5.0
"Oct, 2021",5.0
"Oct, 2021",4.0
"Aug, 2022",5.0
"Oct, 2021",5.0
"Oct, 2021",5.0
"Oct, 2021",5.0
"Oct, 2021",5.0
"Oct, 2021",3.0
"Oct, 2021",5.0
"Oct, 2021",5.0
"Oct, 2021",5.0
"Oct, 2021",5.0
"Oct, 2021",5.0
"Oct, 2021",5.0
"Oct, 2021",5.0
"Oct, 2021",5.0
"Oct, 2021",5.0
"Oct, 2021",5.0
"Oct, 2021",5.0
"Oct, 2021",5.0
"Oct, 2021",5.0
"Oct, 2021",5.0
"Oct, 2021",4.0
"Oct, 2021",5.0
"Oct, 2021",5.0
"Oct, 2021",5.0
"Oct, 2021",5.0
"Oct, 2021",5.0
"Oct, 2021",5.0
"Oct, 2021",5.0
"Oct, 2021",5.0
"Oct, 2021",4.0
"Oct, 2021",5.0
"Oct, 2021",5.0
"Oct, 2021",1.0
"Oct, 2021",5.0
"Oct, 2021",5.0
"Oct, 2021",5.0
"Oct, 2021",5.0
"Oct, 2021",5.0
"Oct, 2021",4.0
"Oct, 2021",5.0
"Oct, 2021",5.0
"Apr, 2022",5.0
"Oct, 2021",5.0
"Oct, 2021",5.0
"Apr, 2022",4.0
"Oct, 2021",4.0
"Apr, 2022",5.0
"Oct, 2021",5.0
"Mar, 2022",5.0
"Mar, 2022",5.0
"Oct, 2021",4.0
"Oct, 2021",5.0
"Oct, 2021",5.0
"Oct, 2021",5.0
"Oct, 2021",5.0
"Oct, 2021",5.0
"Oct, 2021",5.0
"Oct, 2021",5.0
"Oct, 2021",4.0
"Oct, 2021",5.0
"Oct, 2021",5.0
"Oct, 2021",5.0
"Oct, 2021",4.0
"Oct, 2021",5.0
"Oct, 2021",4.0
"Oct, 2021",3.0
"Oct, 2021",5.0
"Oct, 2021",5.0
"Oct, 2021",4.0
"Oct, 2021",5.0
"Oct, 2021",5.0
"Oct, 2021",5.0
"Oct, 2021",5.0
"Oct, 2021",5.0
"Oct, 2021",5.0
"Oct, 2021",5.0
"Oct, 2021",4.0
"Oct, 2021",5.0
"Oct, 2021",5.0
"Oct, 2021",5.0
"Oct, 2021",5.0
"Oct, 2021",5.0
"Oct, 2021",5.0
"Oct, 2021",5.0
"Mar, 2022",5.0
"Oct, 2021",5.0
"Oct, 2021",5.0
"Mar, 2022",5.0
"Oct, 2021",5.0
"Oct, 2021",5.0
"Oct, 2021",5.0
"Sep, 2021",5.0
"Oct, 2021",5.0
"Oct, 2021",5.0
"Sep, 2021",4.0
"Oct, 2021",5.0
"Sep, 2021",5.0
"Oct, 2021",5.0
"Oct, 2021",5.0
"Oct, 2021",5.0
"Feb, 2022",5.0
"Oct, 2021",5.0
"Oct, 2021",5.0
"Oct, 2021",5.0
"Oct, 2021",5.0
"Oct, 2021",5.0
"Oct, 2021",5.0
"Oct, 2021",5.0
"Oct, 2021",5.0
"Oct, 2021",5.0
"Oct, 2021",5.0
"Oct, 2021",5.0
"Oct, 2021",5.0
"Oct, 2021",5.0
"Oct, 2021",5.0
"Oct, 2021",4.0
"Oct, 2021",5.0
"Oct, 2021",5.0
"Sep, 2021",5.0
"Oct, 2021",4.0
"Oct, 2021",5.0
"Oct, 2021",5.0
"Oct, 2021",5.0
"Feb, 2022",3.0
"Oct, 2021",5.0
"Sep, 2021",4.0
"Oct, 2021",4.0
"Feb, 2022",5.0
"Oct, 2021",5.0
"Oct, 2021",5.0
"Oct, 2021",4.0
"Aug, 2021",4.0
"Oct, 2021",5.0
"Sep, 2021",4.0
"Oct, 2021",5.0
"Oct, 2021",5.0
"Oct, 2021",5.0
"Oct, 2021",4.0
"Sep, 2021",5.0
"Oct, 2021",5.0
"Oct, 2021",1.0
"Oct, 2021",5.0
"Oct, 2021",5.0
"Oct, 2021",4.0
"Oct, 2021",5.0
"Jan, 2022",5.0
"Oct, 2021",5.0
"Oct, 2021",5.0
"Aug, 2021",5.0
"Oct, 2021",5.0
"Oct, 2021",5.0
"Jan, 2022",5.0
"Oct, 2021",5.0
"Oct, 2021",5.0
"Oct, 2021",5.0
"Oct, 2021",4.0
"Oct, 2021",1.0
"Oct, 2021",5.0
"Jan, 2022",5.0
"Oct, 2021",2.0
"Oct, 2021",3.0
"Oct, 2021",5.0
"Oct, 2021",5.0
"Oct, 2021",5.0
"Oct, 2021",5.0
"Oct, 2021",5.0
"Oct, 2021",5.0
"Oct, 2021",5.0
"Oct, 2021",5.0
"Oct, 2021",3.0
"Sep, 2021",5.0
"Jan, 2022",2.0
"Oct, 2021",5.0
"Oct, 2021",3.0
"Oct, 2021",5.0
"Nov, 2021",4.0
"Oct, 2021",1.0
"Oct, 2021",5.0
"Oct, 2021",1.0
"Nov, 2021",5.0
"Oct, 2021",5.0
"Oct, 2021",5.0
"Oct, 2021",5.0
"Oct, 2021",5.0
"Oct, 2021",4.0
"Aug, 2021",5.0
"Oct, 2021",5.0
"Oct, 2021",5.0
"Oct, 2021",4.0
"Oct, 2021",5.0
"Jan, 2022",5.0
"Oct, 2021",5.0
"Oct, 2021",5.0
"Oct, 2021",5.0
"Jan, 2022",5.0
"Jan, 2022",5.0
"Sep, 2021",4.0
"Jan, 2022",5.0
"Nov, 2021",4.0
"Oct, 2021",5.0
"Oct, 2021",5.0
"Oct, 2021",5.0
"Oct, 2021",4.0
"Oct, 2021",5.0
"Oct, 2021",5.0
"Jan, 2022",5.0
"Oct, 2021",5.0
"Oct, 2021",5.0
"Oct, 2021",5.0
"Oct, 2021",5.0
"Jan, 2022",4.0
"Oct, 2021",5.0
"Oct, 2021",5.0
"Oct, 2021",5.0
"Sep, 2021",1.0
"Jan, 2022",5.0
